userId,age,occupation,F,M
1,1,10,1,0
2,56,16,0,1
3,25,15,0,1
4,45,7,0,1
5,25,20,0,1
6,50,9,1,0
7,35,1,0,1
8,25,12,0,1
9,25,17,0,1
10,35,1,1,0
11,25,1,1,0
12,25,12,0,1
13,45,1,0,1
14,35,0,0,1
15,25,7,0,1
16,35,0,1,0
17,50,1,0,1
18,18,3,1,0
19,1,10,0,1
20,25,14,0,1
21,18,16,0,1
22,18,15,0,1
23,35,0,0,1
24,25,7,1,0
25,18,4,0,1
26,25,7,0,1
27,25,11,0,1
28,25,1,1,0
29,35,7,0,1
30,35,7,1,0
31,56,7,0,1
32,25,0,1,0
33,45,3,0,1
34,18,0,1,0
35,45,1,0,1
36,25,3,0,1
37,25,9,1,0
38,18,4,1,0
39,18,4,0,1
40,45,0,0,1
41,18,4,1,0
42,25,8,0,1
43,25,12,0,1
44,45,17,0,1
45,45,16,1,0
46,18,19,0,1
47,18,4,0,1
48,25,4,0,1
49,18,12,0,1
50,25,2,1,0
51,1,10,1,0
52,18,4,0,1
53,25,0,0,1
54,50,1,0,1
55,35,12,1,0
56,35,20,0,1
57,18,19,0,1
58,25,2,0,1
59,50,1,1,0
60,50,1,0,1
61,25,17,0,1
62,35,3,1,0
63,18,4,0,1
64,18,1,0,1
65,35,12,0,1
66,25,18,0,1
67,50,5,1,0
68,18,4,0,1
69,25,1,1,0
70,18,4,0,1
71,25,14,0,1
72,45,0,1,0
73,18,4,0,1
74,35,14,0,1
75,1,10,1,0
76,35,7,0,1
77,18,4,0,1
78,45,1,1,0
79,45,0,1,0
80,56,1,0,1
81,25,0,1,0
82,25,17,0,1
83,25,2,1,0
84,18,4,0,1
85,18,4,0,1
86,1,10,1,0
87,25,14,0,1
88,45,1,1,0
89,56,9,1,0
90,56,13,0,1
91,35,7,0,1
92,18,4,1,0
93,25,17,0,1
94,25,17,0,1
95,45,0,0,1
96,25,16,1,0
97,35,3,1,0
98,35,7,1,0
99,1,10,1,0
100,35,17,0,1
101,18,3,1,0
102,35,19,0,1
103,45,7,0,1
104,25,12,0,1
105,45,12,0,1
106,35,11,1,0
107,45,18,0,1
108,25,12,0,1
109,45,15,0,1
110,25,2,0,1
111,35,15,0,1
112,25,16,0,1
113,18,12,0,1
114,25,2,1,0
115,25,17,0,1
116,25,17,0,1
117,25,17,0,1
118,35,17,0,1
119,1,10,1,0
120,25,11,0,1
121,35,7,0,1
122,18,4,1,0
123,35,9,0,1
124,56,7,0,1
125,45,14,0,1
126,18,9,0,1
127,45,3,1,0
128,56,6,0,1
129,25,11,0,1
130,35,17,0,1
131,18,4,0,1
132,25,17,0,1
133,25,0,1,0
134,25,0,0,1
135,18,4,0,1
136,18,2,0,1
137,45,6,1,0
138,18,20,0,1
139,25,20,1,0
140,35,1,1,0
141,35,13,0,1
142,25,7,0,1
143,18,3,0,1
144,25,17,0,1
145,18,4,0,1
146,35,20,1,0
147,18,4,0,1
148,50,17,0,1
149,25,1,0,1
150,35,7,0,1
151,25,20,1,0
152,18,4,0,1
153,1,10,0,1
154,50,20,0,1
155,35,12,0,1
156,45,7,1,0
157,35,16,0,1
158,56,7,0,1
159,45,0,1,0
160,35,7,0,1
161,45,16,0,1
162,18,4,1,0
163,18,4,0,1
164,56,13,1,0
165,18,16,0,1
166,18,4,0,1
167,25,11,1,0
168,50,0,1,0
169,25,7,0,1
170,25,11,0,1
171,50,17,1,0
172,25,3,0,1
173,25,0,0,1
174,25,16,0,1
175,25,2,1,0
176,18,3,1,0
177,50,1,0,1
178,56,17,0,1
179,25,0,0,1
180,45,12,0,1
181,18,17,0,1
182,18,4,0,1
183,45,1,1,0
184,25,0,1,0
185,45,0,0,1
186,18,5,0,1
187,45,1,1,0
188,56,16,0,1
189,18,0,0,1
190,25,17,0,1
191,18,4,0,1
192,18,1,0,1
193,45,15,1,0
194,1,10,1,0
195,25,12,0,1
196,35,9,1,0
197,18,14,0,1
198,25,12,0,1
199,18,4,0,1
200,18,4,1,0
201,35,2,1,0
202,18,4,0,1
203,18,4,1,0
204,25,7,0,1
205,35,12,0,1
206,25,17,0,1
207,25,12,0,1
208,35,17,0,1
209,35,1,0,1
210,1,10,1,0
211,45,17,0,1
212,25,16,0,1
213,18,4,1,0
214,18,20,0,1
215,35,14,0,1
216,45,13,0,1
217,18,4,0,1
218,35,14,0,1
219,25,4,1,0
220,25,12,0,1
221,25,0,1,0
222,25,1,0,1
223,25,17,0,1
224,18,4,1,0
225,25,7,0,1
226,35,1,0,1
227,35,20,0,1
228,25,15,0,1
229,18,10,0,1
230,45,1,0,1
231,25,3,0,1
232,25,20,0,1
233,45,20,1,0
234,35,7,0,1
235,25,0,0,1
236,25,5,0,1
237,25,6,0,1
238,50,7,1,0
239,18,19,0,1
240,50,17,0,1
241,35,20,0,1
242,18,4,1,0
243,25,16,0,1
244,50,7,0,1
245,35,16,0,1
246,18,4,1,0
247,25,17,0,1
248,18,17,0,1
249,18,14,1,0
250,35,16,0,1
251,56,17,0,1
252,25,12,0,1
253,25,11,1,0
254,35,17,0,1
255,35,0,0,1
256,45,16,0,1
257,18,18,0,1
258,25,7,0,1
259,25,1,0,1
260,18,19,0,1
261,25,20,0,1
262,25,1,1,0
263,25,7,1,0
264,35,0,0,1
265,35,7,1,0
266,35,11,0,1
267,45,12,0,1
268,18,12,1,0
269,25,2,0,1
270,50,14,0,1
271,18,4,0,1
272,18,0,0,1
273,18,4,0,1
274,18,4,0,1
275,25,0,0,1
276,45,16,0,1
277,35,1,1,0
278,45,18,0,1
279,25,14,0,1
280,50,7,0,1
281,35,0,1,0
282,25,17,0,1
283,25,0,0,1
284,25,12,0,1
285,35,0,1,0
286,25,1,0,1
287,50,13,0,1
288,25,12,1,0
289,25,0,1,0
290,25,20,1,0
291,35,12,0,1
292,35,7,0,1
293,56,1,0,1
294,45,9,1,0
295,18,0,0,1
296,50,5,0,1
297,18,2,0,1
298,18,4,1,0
299,25,12,0,1
300,25,7,0,1
301,18,4,0,1
302,18,4,0,1
303,25,7,0,1
304,25,0,0,1
305,18,0,1,0
306,18,0,0,1
307,50,16,0,1
308,25,2,0,1
309,25,4,0,1
310,18,4,1,0
311,18,4,0,1
312,50,2,1,0
313,18,4,1,0
314,56,9,1,0
315,56,1,1,0
316,56,13,0,1
317,35,7,0,1
318,56,13,1,0
319,50,6,1,0
320,35,6,0,1
321,18,4,0,1
322,56,17,0,1
323,45,12,0,1
324,35,17,0,1
325,50,3,1,0
326,50,11,0,1
327,35,18,0,1
328,35,12,0,1
329,35,7,0,1
330,56,7,0,1
331,25,7,0,1
332,50,1,0,1
333,35,2,0,1
334,56,2,1,0
335,35,18,0,1
336,18,0,0,1
337,18,19,0,1
338,35,7,0,1
339,50,7,0,1
340,25,3,1,0
341,56,13,1,0
342,18,12,0,1
343,35,3,1,0
344,35,14,0,1
345,25,12,0,1
346,25,0,1,0
347,56,1,1,0
348,50,7,0,1
349,1,10,0,1
350,45,20,0,1
351,18,4,0,1
352,18,4,0,1
353,35,7,1,0
354,35,1,0,1
355,18,3,0,1
356,56,20,0,1
357,18,0,0,1
358,56,1,1,0
359,25,17,0,1
360,35,17,0,1
361,25,14,1,0
362,35,20,0,1
363,18,10,0,1
364,35,1,1,0
365,18,4,1,0
366,50,15,0,1
367,50,12,0,1
368,25,0,0,1
369,35,1,0,1
370,18,17,0,1
371,18,4,0,1
372,18,4,1,0
373,25,2,1,0
374,35,14,1,0
375,25,2,0,1
376,35,1,0,1
377,25,17,0,1
378,18,0,1,0
379,35,1,1,0
380,25,2,0,1
381,35,17,0,1
382,35,20,1,0
383,25,7,1,0
384,25,11,0,1
385,25,6,0,1
386,25,0,0,1
387,35,7,1,0
388,25,0,1,0
389,25,6,0,1
390,25,4,0,1
391,45,11,0,1
392,18,7,0,1
393,35,17,0,1
394,18,0,0,1
395,18,5,0,1
396,25,1,0,1
397,35,17,0,1
398,25,17,0,1
399,35,6,1,0
400,18,3,1,0
401,18,0,0,1
402,25,11,0,1
403,18,4,0,1
404,18,4,0,1
405,56,1,0,1
406,25,20,0,1
407,18,17,0,1
408,25,11,0,1
409,18,12,0,1
410,25,1,1,0
411,45,1,1,0
412,35,15,0,1
413,25,11,0,1
414,25,0,0,1
415,35,0,1,0
416,45,14,0,1
417,25,0,1,0
418,25,3,1,0
419,18,3,0,1
420,35,1,0,1
421,45,3,1,0
422,56,17,0,1
423,18,4,0,1
424,25,17,0,1
425,25,12,0,1
426,18,4,0,1
427,35,12,0,1
428,18,4,1,0
429,18,0,0,1
430,18,10,1,0
431,18,10,0,1
432,45,16,0,1
433,50,6,0,1
434,45,3,1,0
435,25,7,0,1
436,18,4,0,1
437,35,17,0,1
438,18,11,0,1
439,35,14,0,1
440,56,1,0,1
441,35,1,0,1
442,25,1,0,1
443,25,3,0,1
444,56,0,0,1
445,45,12,0,1
446,50,0,1,0
447,45,11,1,0
448,25,17,0,1
449,25,7,0,1
450,45,1,0,1
451,56,13,0,1
452,50,17,0,1
453,18,4,0,1
454,25,20,0,1
455,35,2,1,0
456,35,0,0,1
457,18,4,0,1
458,50,16,0,1
459,18,4,1,0
460,45,18,0,1
461,50,7,0,1
462,18,16,0,1
463,25,7,0,1
464,18,4,1,0
465,18,19,0,1
466,25,5,0,1
467,35,3,1,0
468,1,10,1,0
469,35,6,0,1
470,1,10,1,0
471,35,7,0,1
472,35,0,0,1
473,18,4,1,0
474,25,17,0,1
475,25,2,1,0
476,35,0,0,1
477,35,14,0,1
478,50,16,0,1
479,25,12,0,1
480,18,4,1,0
481,45,7,0,1
482,25,14,0,1
483,18,12,0,1
484,1,10,1,0
485,56,7,0,1
486,56,0,0,1
487,35,17,1,0
488,25,12,0,1
489,18,4,0,1
490,1,10,0,1
491,18,4,0,1
492,25,12,0,1
493,50,7,0,1
494,35,0,1,0
495,18,10,0,1
496,18,4,0,1
497,25,17,1,0
498,35,17,0,1
499,25,1,1,0
500,18,2,1,0
501,25,2,0,1
502,35,6,0,1
503,35,11,0,1
504,25,2,0,1
505,35,17,0,1
506,25,16,0,1
507,25,0,1,0
508,25,12,0,1
509,25,2,0,1
510,18,12,0,1
511,45,4,1,0
512,35,0,0,1
513,25,0,0,1
514,25,2,0,1
515,25,1,0,1
516,56,14,1,0
517,25,14,1,0
518,35,12,1,0
519,35,14,1,0
520,35,20,1,0
521,56,7,0,1
522,25,12,0,1
523,50,7,0,1
524,18,0,0,1
525,35,6,0,1
526,45,17,0,1
527,25,2,1,0
528,18,17,1,0
529,35,12,0,1
530,25,2,0,1
531,18,14,1,0
532,25,7,0,1
533,25,12,0,1
534,25,15,0,1
535,35,6,0,1
536,25,20,0,1
537,45,14,0,1
538,56,16,0,1
539,25,2,0,1
540,18,1,0,1
541,18,4,1,0
542,18,4,0,1
543,25,5,0,1
544,35,12,0,1
545,35,17,0,1
546,25,0,1,0
547,35,12,0,1
548,35,16,1,0
549,25,6,0,1
550,45,8,0,1
551,35,20,0,1
552,50,18,0,1
553,25,2,0,1
554,25,12,0,1
555,18,4,0,1
556,25,9,1,0
557,56,1,0,1
558,35,20,0,1
559,25,7,1,0
560,45,15,0,1
561,18,14,1,0
562,35,20,0,1
563,25,4,0,1
564,45,1,0,1
565,25,16,0,1
566,25,17,0,1
567,35,20,0,1
568,50,17,1,0
569,18,4,1,0
570,25,4,0,1
571,50,5,0,1
572,18,4,0,1
573,35,2,1,0
574,25,19,0,1
575,25,12,0,1
576,45,15,1,0
577,35,0,0,1
578,18,17,0,1
579,25,5,0,1
580,1,10,0,1
581,50,14,0,1
582,18,4,0,1
583,25,0,1,0
584,25,0,1,0
585,18,1,0,1
586,35,14,0,1
587,25,20,0,1
588,25,11,1,0
589,18,2,0,1
590,35,6,1,0
591,25,0,0,1
592,18,0,0,1
593,50,1,1,0
594,56,13,1,0
595,25,7,0,1
596,25,1,1,0
597,35,12,0,1
598,35,7,0,1
599,50,6,0,1
600,35,17,0,1
601,18,20,1,0
602,56,6,1,0
603,25,6,1,0
604,45,17,0,1
605,18,4,1,0
606,1,10,1,0
607,25,0,0,1
608,18,4,0,1
609,25,7,0,1
610,25,4,0,1
611,35,0,0,1
612,50,7,0,1
613,35,20,0,1
614,35,1,0,1
615,50,17,0,1
616,25,7,0,1
617,25,7,1,0
618,25,0,0,1
619,18,1,1,0
620,18,0,0,1
621,18,4,0,1
622,25,0,0,1
623,25,17,0,1
624,25,1,0,1
625,35,12,1,0
626,18,4,0,1
627,50,2,0,1
628,35,0,1,0
629,1,10,1,0
630,35,14,1,0
631,35,17,0,1
632,45,17,0,1
633,25,17,0,1
634,1,10,1,0
635,56,17,0,1
636,18,20,0,1
637,35,12,0,1
638,25,6,0,1
639,45,17,0,1
640,18,4,0,1
641,35,0,1,0
642,35,1,1,0
643,25,2,0,1
644,25,20,0,1
645,35,20,0,1
646,35,7,0,1
647,35,12,0,1
648,25,12,1,0
649,25,4,0,1
650,25,17,0,1
651,35,7,0,1
652,18,20,0,1
653,56,13,0,1
654,50,7,0,1
655,25,2,1,0
656,45,16,1,0
657,50,13,1,0
658,25,0,1,0
659,25,0,1,0
660,45,16,0,1
661,45,1,0,1
662,18,4,0,1
663,25,7,1,0
664,35,18,0,1
665,18,2,0,1
666,18,0,1,0
667,25,18,0,1
668,25,3,1,0
669,25,17,0,1
670,25,12,0,1
671,18,4,0,1
672,35,7,0,1
673,25,20,0,1
674,25,17,0,1
675,25,20,0,1
676,18,16,0,1
677,50,2,0,1
678,25,0,0,1
679,35,16,0,1
680,25,12,0,1
681,35,7,0,1
682,25,4,0,1
683,25,4,0,1
684,25,4,0,1
685,25,4,0,1
686,18,4,0,1
687,25,7,1,0
688,56,13,0,1
689,50,0,1,0
690,25,12,0,1
691,35,11,0,1
692,25,0,1,0
693,35,12,0,1
694,18,4,0,1
695,18,1,1,0
696,25,12,0,1
697,50,6,1,0
698,18,4,0,1
699,18,0,0,1
700,50,17,0,1
701,18,4,1,0
702,35,7,0,1
703,56,1,1,0
704,35,8,1,0
705,25,4,0,1
706,35,20,0,1
707,35,7,0,1
708,25,0,0,1
709,18,0,0,1
710,25,20,0,1
711,25,18,0,1
712,25,0,0,1
713,35,7,0,1
714,18,4,0,1
715,18,0,0,1
716,18,4,0,1
717,25,11,0,1
718,18,2,0,1
719,1,0,0,1
720,18,0,0,1
721,35,9,1,0
722,25,12,0,1
723,25,12,0,1
724,50,13,0,1
725,56,11,0,1
726,25,9,1,0
727,35,11,0,1
728,25,6,0,1
729,35,12,0,1
730,25,0,0,1
731,45,3,0,1
732,25,7,0,1
733,35,16,0,1
734,25,7,0,1
735,25,14,0,1
736,18,12,0,1
737,1,19,0,1
738,18,17,0,1
739,35,12,0,1
740,25,14,0,1
741,25,5,0,1
742,18,0,0,1
743,1,2,1,0
744,25,17,0,1
745,1,10,0,1
746,18,19,1,0
747,18,4,0,1
748,25,0,0,1
749,35,18,0,1
750,35,9,1,0
751,25,17,1,0
752,25,3,1,0
753,1,10,0,1
754,35,7,0,1
755,35,0,1,0
756,35,0,0,1
757,25,12,0,1
758,35,7,0,1
759,56,3,1,0
760,56,15,0,1
761,18,7,0,1
762,1,10,0,1
763,18,10,0,1
764,18,20,0,1
765,25,17,0,1
766,25,7,1,0
767,25,12,0,1
768,25,12,0,1
769,45,17,0,1
770,18,4,0,1
771,50,1,1,0
772,18,12,0,1
773,25,6,0,1
774,18,4,0,1
775,1,17,0,1
776,25,3,1,0
777,18,19,0,1
778,18,17,0,1
779,25,0,0,1
780,25,17,0,1
781,18,4,0,1
782,56,1,0,1
783,25,4,0,1
784,18,0,0,1
785,18,19,0,1
786,25,0,0,1
787,18,4,0,1
788,25,0,0,1
789,18,1,0,1
790,25,17,0,1
791,35,7,0,1
792,25,17,0,1
793,35,14,1,0
794,50,20,0,1
795,35,14,1,0
796,50,6,0,1
797,50,7,1,0
798,25,20,1,0
799,25,5,1,0
800,35,12,1,0
801,25,20,1,0
802,25,16,0,1
803,18,4,0,1
804,25,20,0,1
805,35,12,0,1
806,35,0,0,1
807,18,4,0,1
808,25,7,0,1
809,25,17,0,1
810,25,12,0,1
811,50,0,0,1
812,25,6,0,1
813,18,4,0,1
814,18,4,1,0
815,25,4,0,1
816,45,0,0,1
817,18,4,0,1
818,18,4,0,1
819,35,7,0,1
820,35,7,0,1
821,18,2,0,1
822,25,1,1,0
823,25,0,0,1
824,35,12,0,1
825,56,1,0,1
826,35,1,1,0
827,45,2,0,1
828,18,4,0,1
829,1,19,0,1
830,35,7,0,1
831,45,0,1,0
832,18,2,0,1
833,35,7,0,1
834,35,12,1,0
835,56,0,0,1
836,25,11,0,1
837,56,7,0,1
838,50,17,0,1
839,25,0,0,1
840,25,3,1,0
841,50,14,1,0
842,18,0,1,0
843,25,7,0,1
844,25,0,0,1
845,18,0,1,0
846,25,5,0,1
847,25,7,1,0
848,25,15,0,1
849,25,3,0,1
850,35,0,0,1
851,18,4,0,1
852,25,5,0,1
853,25,17,0,1
854,25,16,1,0
855,18,2,1,0
856,45,6,1,0
857,35,17,0,1
858,35,14,0,1
859,25,12,0,1
860,18,0,0,1
861,25,7,0,1
862,35,7,0,1
863,25,7,0,1
864,25,0,1,0
865,35,1,0,1
866,1,10,0,1
867,45,12,0,1
868,50,17,0,1
869,18,20,0,1
870,25,1,1,0
871,1,10,0,1
872,50,1,0,1
873,56,6,0,1
874,45,15,0,1
875,1,10,0,1
876,25,4,0,1
877,25,0,0,1
878,18,2,0,1
879,45,16,0,1
880,35,17,0,1
881,18,14,0,1
882,18,2,0,1
883,35,14,1,0
884,1,10,0,1
885,35,0,0,1
886,56,0,1,0
887,56,16,1,0
888,1,10,1,0
889,45,20,0,1
890,18,4,0,1
891,25,1,0,1
892,35,0,0,1
893,50,6,1,0
894,18,4,0,1
895,50,1,0,1
896,18,15,0,1
897,25,6,0,1
898,25,7,0,1
899,25,1,1,0
900,56,13,1,0
901,56,0,1,0
902,56,0,0,1
903,56,13,0,1
904,35,20,0,1
905,45,12,1,0
906,1,10,0,1
907,45,6,1,0
908,50,1,1,0
909,45,7,0,1
910,50,0,1,0
911,50,0,0,1
912,35,2,1,0
913,25,0,0,1
914,35,9,1,0
915,25,7,0,1
916,25,1,1,0
917,50,6,0,1
918,45,1,1,0
919,35,1,1,0
920,18,4,0,1
921,25,17,0,1
922,56,16,0,1
923,25,7,0,1
924,50,17,0,1
925,35,3,1,0
926,1,10,0,1
927,25,20,1,0
928,56,16,1,0
929,25,15,0,1
930,25,5,0,1
931,56,1,1,0
932,35,6,1,0
933,45,1,0,1
934,35,7,1,0
935,35,14,0,1
936,18,4,0,1
937,25,15,0,1
938,25,1,1,0
939,25,20,1,0
940,1,10,0,1
941,18,20,0,1
942,50,6,1,0
943,45,12,1,0
944,35,0,0,1
945,45,7,0,1
946,35,7,0,1
947,18,0,0,1
948,56,12,0,1
949,50,17,0,1
950,35,7,0,1
951,45,2,0,1
952,56,16,0,1
953,50,20,0,1
954,25,0,1,0
955,50,7,1,0
956,35,1,0,1
957,35,1,0,1
958,35,2,0,1
959,50,11,0,1
960,1,10,0,1
961,18,10,0,1
962,25,1,1,0
963,25,0,0,1
964,25,7,0,1
965,56,7,0,1
966,56,2,0,1
967,18,0,1,0
968,50,12,0,1
969,25,11,1,0
970,25,0,0,1
971,25,12,0,1
972,45,1,0,1
973,25,1,1,0
974,35,19,0,1
975,35,0,0,1
976,35,14,0,1
977,25,2,0,1
978,18,0,0,1
979,1,10,0,1
980,25,6,0,1
981,25,20,0,1
982,25,9,1,0
983,25,16,1,0
984,50,16,0,1
985,25,4,0,1
986,56,0,1,0
987,35,17,1,0
988,50,11,0,1
989,50,0,0,1
990,18,6,0,1
991,25,9,1,0
992,35,3,1,0
993,25,0,0,1
994,18,2,0,1
995,18,4,1,0
996,25,17,0,1
997,1,19,0,1
998,45,20,0,1
999,25,15,0,1
1000,25,6,1,0
1001,25,4,0,1
1002,50,11,0,1
1003,25,2,0,1
1004,25,3,0,1
1005,35,11,0,1
1006,18,4,0,1
1007,50,12,0,1
1008,35,3,0,1
1009,50,7,0,1
1010,25,0,0,1
1011,25,8,0,1
1012,35,1,1,0
1013,56,13,0,1
1014,45,17,1,0
1015,35,3,0,1
1016,56,16,0,1
1017,35,0,0,1
1018,18,4,0,1
1019,35,1,0,1
1020,18,20,0,1
1021,35,0,0,1
1022,25,3,0,1
1023,56,13,0,1
1024,35,1,1,0
1025,25,16,0,1
1026,45,0,1,0
1027,18,4,0,1
1028,45,7,1,0
1029,25,0,0,1
1030,25,7,0,1
1031,35,16,0,1
1032,50,16,0,1
1033,25,5,0,1
1034,35,1,1,0
1035,18,2,0,1
1036,35,7,0,1
1037,45,7,0,1
1038,56,15,1,0
1039,35,1,1,0
1040,25,11,0,1
1041,45,2,0,1
1042,35,5,0,1
1043,50,11,1,0
1044,25,20,0,1
1045,1,10,1,0
1046,56,18,0,1
1047,18,0,0,1
1048,35,6,0,1
1049,45,14,0,1
1050,25,1,0,1
1051,25,0,1,0
1052,35,2,1,0
1053,35,0,0,1
1054,1,10,0,1
1055,35,0,0,1
1056,1,0,0,1
1057,45,17,0,1
1058,25,1,0,1
1059,25,0,1,0
1060,18,10,0,1
1061,45,0,0,1
1062,50,19,0,1
1063,35,7,0,1
1064,25,7,0,1
1065,25,0,1,0
1066,45,12,0,1
1067,35,12,0,1
1068,18,4,1,0
1069,25,20,0,1
1070,45,2,1,0
1071,50,16,0,1
1072,35,7,1,0
1073,25,6,1,0
1074,45,17,0,1
1075,25,6,1,0
1076,25,3,1,0
1077,25,3,0,1
1078,45,9,1,0
1079,25,7,0,1
1080,56,7,0,1
1081,18,4,0,1
1082,45,7,0,1
1083,56,0,0,1
1084,1,19,0,1
1085,25,7,0,1
1086,18,4,0,1
1087,25,16,0,1
1088,1,10,1,0
1089,35,6,0,1
1090,25,7,0,1
1091,18,5,0,1
1092,18,4,1,0
1093,50,14,0,1
1094,18,0,1,0
1095,56,6,1,0
1096,1,10,0,1
1097,18,17,0,1
1098,35,7,0,1
1099,25,17,0,1
1100,25,0,0,1
1101,35,1,0,1
1102,18,1,0,1
1103,45,7,1,0
1104,35,11,0,1
1105,35,6,0,1
1106,18,4,0,1
1107,50,1,1,0
1108,56,1,0,1
1109,18,10,0,1
1110,56,6,1,0
1111,50,16,1,0
1112,18,6,0,1
1113,18,4,0,1
1114,18,9,1,0
1115,25,1,1,0
1116,25,15,0,1
1117,18,14,0,1
1118,50,13,0,1
1119,35,1,0,1
1120,18,4,0,1
1121,56,7,0,1
1122,56,14,0,1
1123,50,0,0,1
1124,25,2,0,1
1125,18,4,1,0
1126,56,16,0,1
1127,25,0,0,1
1128,25,1,0,1
1129,35,17,0,1
1130,18,7,0,1
1131,56,13,0,1
1132,18,12,0,1
1133,18,2,0,1
1134,18,20,0,1
1135,50,13,0,1
1136,35,7,1,0
1137,18,4,0,1
1138,18,12,0,1
1139,25,1,0,1
1140,45,2,1,0
1141,25,3,1,0
1142,18,1,0,1
1143,50,7,0,1
1144,25,7,0,1
1145,50,3,0,1
1146,18,16,1,0
1147,25,20,0,1
1148,35,17,0,1
1149,25,12,0,1
1150,25,20,1,0
1151,25,15,0,1
1152,18,4,0,1
1153,18,10,0,1
1154,1,10,1,0
1155,25,12,0,1
1156,50,2,1,0
1157,45,7,0,1
1158,35,1,1,0
1159,18,0,0,1
1160,18,14,0,1
1161,25,0,0,1
1162,35,0,1,0
1163,1,10,0,1
1164,25,19,1,0
1165,25,12,0,1
1166,56,6,0,1
1167,50,1,1,0
1168,25,0,1,0
1169,25,20,0,1
1170,56,3,0,1
1171,45,12,0,1
1172,25,0,1,0
1173,25,7,1,0
1174,18,16,1,0
1175,25,2,1,0
1176,56,1,0,1
1177,25,17,1,0
1178,56,0,0,1
1179,50,1,0,1
1180,50,20,1,0
1181,35,7,0,1
1182,1,10,0,1
1183,35,19,0,1
1184,25,4,1,0
1185,35,1,1,0
1186,18,19,0,1
1187,1,0,1,0
1188,45,7,0,1
1189,25,0,0,1
1190,45,0,0,1
1191,35,0,1,0
1192,50,16,0,1
1193,25,12,0,1
1194,25,1,1,0
1195,1,10,1,0
1196,18,14,1,0
1197,35,1,0,1
1198,1,10,0,1
1199,50,13,0,1
1200,1,0,0,1
1201,18,4,0,1
1202,35,12,0,1
1203,25,1,1,0
1204,25,7,0,1
1205,56,0,1,0
1206,50,7,1,0
1207,50,0,0,1
1208,25,0,0,1
1209,35,7,0,1
1210,25,17,0,1
1211,18,4,0,1
1212,50,1,1,0
1213,50,0,0,1
1214,56,13,0,1
1215,35,17,0,1
1216,25,2,0,1
1217,25,12,0,1
1218,56,15,0,1
1219,25,7,0,1
1220,1,10,0,1
1221,18,0,0,1
1222,35,0,0,1
1223,25,2,0,1
1224,50,13,0,1
1225,45,7,0,1
1226,18,20,0,1
1227,50,1,0,1
1228,25,1,0,1
1229,25,4,1,0
1230,25,11,0,1
1231,25,12,0,1
1232,18,4,1,0
1233,45,20,1,0
1234,18,4,0,1
1235,25,7,1,0
1236,25,1,1,0
1237,18,4,0,1
1238,35,20,1,0
1239,25,20,1,0
1240,18,14,1,0
1241,1,10,0,1
1242,35,0,1,0
1243,35,15,0,1
1244,25,4,0,1
1245,25,17,0,1
1246,18,4,0,1
1247,35,0,0,1
1248,35,20,1,0
1249,35,2,0,1
1250,50,0,0,1
1251,25,7,0,1
1252,56,13,0,1
1253,35,20,1,0
1254,18,1,1,0
1255,25,17,0,1
1256,25,20,0,1
1257,18,14,1,0
1258,45,7,0,1
1259,35,7,0,1
1260,25,17,0,1
1261,18,4,0,1
1262,25,4,0,1
1263,1,10,0,1
1264,25,1,0,1
1265,18,20,1,0
1266,25,4,0,1
1267,25,15,0,1
1268,50,2,0,1
1269,56,13,1,0
1270,25,6,0,1
1271,45,6,1,0
1272,18,20,0,1
1273,35,2,0,1
1274,45,7,0,1
1275,50,17,0,1
1276,35,17,0,1
1277,18,0,1,0
1278,18,4,0,1
1279,35,1,0,1
1280,1,10,0,1
1281,25,19,0,1
1282,50,1,0,1
1283,18,1,1,0
1284,45,16,0,1
1285,35,4,0,1
1286,35,17,0,1
1287,50,7,1,0
1288,35,19,1,0
1289,45,6,0,1
1290,35,0,0,1
1291,35,0,1,0
1292,25,7,0,1
1293,25,5,0,1
1294,50,20,1,0
1295,35,6,1,0
1296,1,0,0,1
1297,25,7,0,1
1298,35,6,0,1
1299,25,14,0,1
1300,1,10,0,1
1301,25,2,1,0
1302,18,4,0,1
1303,25,19,0,1
1304,25,14,0,1
1305,45,20,0,1
1306,25,3,0,1
1307,56,13,0,1
1308,1,10,0,1
1309,25,14,0,1
1310,45,0,0,1
1311,18,10,0,1
1312,25,14,0,1
1313,18,4,0,1
1314,18,4,1,0
1315,35,7,0,1
1316,50,2,0,1
1317,45,7,0,1
1318,18,16,0,1
1319,25,3,1,0
1320,25,4,0,1
1321,25,14,1,0
1322,56,0,0,1
1323,35,2,1,0
1324,35,16,0,1
1325,25,1,0,1
1326,25,0,1,0
1327,1,10,0,1
1328,35,14,0,1
1329,18,14,0,1
1330,56,1,0,1
1331,45,0,0,1
1332,25,7,0,1
1333,25,17,0,1
1334,50,7,0,1
1335,35,0,0,1
1336,50,20,1,0
1337,56,17,0,1
1338,25,0,0,1
1339,35,18,0,1
1340,25,7,0,1
1341,18,7,0,1
1342,35,0,0,1
1343,35,14,0,1
1344,25,9,1,0
1345,25,2,1,0
1346,35,20,0,1
1347,18,1,1,0
1348,1,10,1,0
1349,50,7,0,1
1350,35,0,1,0
1351,25,17,1,0
1352,35,20,0,1
1353,1,10,0,1
1354,25,2,1,0
1355,45,20,1,0
1356,18,4,1,0
1357,45,0,0,1
1358,35,17,0,1
1359,35,1,0,1
1360,25,20,0,1
1361,25,0,1,0
1362,35,12,0,1
1363,50,7,0,1
1364,45,2,1,0
1365,1,10,1,0
1366,1,10,0,1
1367,25,12,0,1
1368,25,3,1,0
1369,25,5,0,1
1370,35,2,0,1
1371,50,2,1,0
1372,1,10,0,1
1373,25,1,1,0
1374,50,1,0,1
1375,45,5,1,0
1376,45,1,1,0
1377,35,16,0,1
1378,45,7,1,0
1379,56,13,1,0
1380,1,10,0,1
1381,18,11,0,1
1382,45,1,1,0
1383,25,7,1,0
1384,18,10,0,1
1385,25,5,1,0
1386,25,0,1,0
1387,50,13,1,0
1388,56,20,0,1
1389,25,17,0,1
1390,35,16,0,1
1391,35,15,0,1
1392,45,3,0,1
1393,18,4,0,1
1394,25,3,1,0
1395,25,2,0,1
1396,25,12,1,0
1397,35,7,0,1
1398,56,16,1,0
1399,18,17,0,1
1400,25,7,0,1
1401,18,1,1,0
1402,18,4,0,1
1403,25,0,1,0
1404,50,16,0,1
1405,56,13,0,1
1406,25,4,0,1
1407,35,15,1,0
1408,25,0,0,1
1409,18,4,0,1
1410,50,7,0,1
1411,35,1,0,1
1412,25,17,0,1
1413,18,3,0,1
1414,18,4,0,1
1415,45,14,0,1
1416,25,14,0,1
1417,35,16,0,1
1418,18,4,0,1
1419,25,1,1,0
1420,18,4,0,1
1421,1,10,1,0
1422,35,17,0,1
1423,25,4,0,1
1424,35,0,0,1
1425,1,10,0,1
1426,18,14,0,1
1427,25,12,0,1
1428,45,11,1,0
1429,35,3,1,0
1430,18,4,0,1
1431,56,6,0,1
1432,35,1,0,1
1433,18,14,1,0
1434,1,10,1,0
1435,25,14,0,1
1436,50,6,1,0
1437,50,3,0,1
1438,18,2,0,1
1439,35,3,0,1
1440,35,12,0,1
1441,35,16,0,1
1442,18,2,0,1
1443,35,2,0,1
1444,25,4,1,0
1445,25,2,0,1
1446,35,12,0,1
1447,18,4,0,1
1448,25,3,1,0
1449,35,20,0,1
1450,18,4,0,1
1451,35,20,0,1
1452,56,13,1,0
1453,25,14,0,1
1454,18,4,0,1
1455,45,0,1,0
1456,25,2,0,1
1457,25,1,0,1
1458,1,0,0,1
1459,25,0,1,0
1460,18,4,1,0
1461,45,0,1,0
1462,35,16,0,1
1463,50,16,0,1
1464,35,12,0,1
1465,50,16,0,1
1466,18,4,0,1
1467,25,5,0,1
1468,1,14,0,1
1469,56,20,0,1
1470,18,4,0,1
1471,25,17,0,1
1472,25,7,0,1
1473,25,14,0,1
1474,25,4,0,1
1475,25,2,1,0
1476,18,0,1,0
1477,45,1,1,0
1478,1,10,0,1
1479,50,2,1,0
1480,25,20,0,1
1481,35,17,0,1
1482,25,7,0,1
1483,18,4,0,1
1484,25,12,0,1
1485,25,9,1,0
1486,25,16,0,1
1487,35,7,0,1
1488,25,7,0,1
1489,35,2,1,0
1490,50,7,0,1
1491,18,4,0,1
1492,25,12,0,1
1493,25,14,1,0
1494,25,17,0,1
1495,18,0,0,1
1496,25,17,0,1
1497,50,5,0,1
1498,18,4,0,1
1499,1,10,0,1
1500,25,17,0,1
1501,25,11,0,1
1502,18,4,0,1
1503,25,12,0,1
1504,18,19,0,1
1505,50,11,0,1
1506,25,7,0,1
1507,35,17,0,1
1508,1,10,1,0
1509,1,0,0,1
1510,25,1,1,0
1511,35,12,0,1
1512,25,20,0,1
1513,35,16,1,0
1514,18,4,0,1
1515,25,16,0,1
1516,25,12,1,0
1517,18,0,0,1
1518,25,2,0,1
1519,18,4,0,1
1520,25,17,0,1
1521,25,7,1,0
1522,35,20,0,1
1523,25,17,0,1
1524,18,4,0,1
1525,25,16,1,0
1526,56,17,0,1
1527,18,10,0,1
1528,25,15,0,1
1529,18,4,0,1
1530,25,4,0,1
1531,45,17,0,1
1532,18,14,0,1
1533,45,1,0,1
1534,50,12,0,1
1535,18,20,1,0
1536,35,3,1,0
1537,18,20,0,1
1538,25,3,0,1
1539,25,3,0,1
1540,45,0,0,1
1541,56,17,0,1
1542,18,17,0,1
1543,25,11,0,1
1544,25,12,0,1
1545,25,20,0,1
1546,25,4,0,1
1547,56,13,0,1
1548,35,1,0,1
1549,35,6,0,1
1550,18,4,0,1
1551,25,11,0,1
1552,45,20,0,1
1553,25,15,1,0
1554,35,12,1,0
1555,18,0,1,0
1556,18,4,0,1
1557,18,4,1,0
1558,18,6,0,1
1559,35,8,0,1
1560,25,3,1,0
1561,18,4,1,0
1562,18,20,0,1
1563,1,10,1,0
1564,50,1,0,1
1565,45,17,0,1
1566,35,16,0,1
1567,25,12,0,1
1568,1,10,1,0
1569,56,13,1,0
1570,18,17,0,1
1571,25,20,0,1
1572,25,3,1,0
1573,1,0,0,1
1574,25,6,0,1
1575,50,7,1,0
1576,45,9,1,0
1577,56,0,0,1
1578,18,4,0,1
1579,25,0,0,1
1580,18,4,1,0
1581,18,4,1,0
1582,18,0,0,1
1583,35,6,0,1
1584,25,19,0,1
1585,56,20,0,1
1586,45,7,0,1
1587,25,3,1,0
1588,25,11,0,1
1589,25,0,0,1
1590,35,1,0,1
1591,50,7,0,1
1592,35,7,0,1
1593,25,16,0,1
1594,35,20,1,0
1595,35,1,0,1
1596,18,5,1,0
1597,25,12,0,1
1598,35,13,0,1
1599,25,0,0,1
1600,35,7,0,1
1601,25,12,0,1
1602,25,7,1,0
1603,25,0,1,0
1604,25,11,0,1
1605,18,0,1,0
1606,35,3,1,0
1607,45,1,0,1
1608,25,11,0,1
1609,35,9,1,0
1610,25,11,0,1
1611,25,0,0,1
1612,25,17,0,1
1613,18,20,0,1
1614,35,0,0,1
1615,45,7,1,0
1616,25,0,0,1
1617,25,12,0,1
1618,50,0,0,1
1619,50,3,0,1
1620,25,20,0,1
1621,25,4,0,1
1622,18,4,0,1
1623,50,15,0,1
1624,25,0,0,1
1625,45,0,0,1
1626,18,4,0,1
1627,18,17,0,1
1628,18,20,0,1
1629,18,4,0,1
1630,45,17,0,1
1631,50,0,1,0
1632,25,16,0,1
1633,45,7,1,0
1634,56,0,1,0
1635,25,0,0,1
1636,25,19,1,0
1637,56,0,0,1
1638,18,17,1,0
1639,25,17,0,1
1640,35,17,0,1
1641,25,0,0,1
1642,50,13,0,1
1643,45,2,0,1
1644,18,12,0,1
1645,18,9,1,0
1646,25,20,0,1
1647,18,18,0,1
1648,50,14,0,1
1649,18,19,0,1
1650,25,19,0,1
1651,25,12,0,1
1652,25,16,0,1
1653,18,0,0,1
1654,45,0,1,0
1655,18,4,0,1
1656,25,17,0,1
1657,45,0,1,0
1658,35,6,1,0
1659,18,9,1,0
1660,25,2,1,0
1661,35,7,0,1
1662,25,12,0,1
1663,18,4,0,1
1664,18,4,1,0
1665,45,17,0,1
1666,25,14,0,1
1667,50,16,0,1
1668,35,2,0,1
1669,25,17,1,0
1670,56,13,1,0
1671,35,0,0,1
1672,25,17,0,1
1673,1,10,0,1
1674,35,2,0,1
1675,25,6,1,0
1676,18,4,0,1
1677,18,14,0,1
1678,18,17,1,0
1679,25,12,0,1
1680,25,20,0,1
1681,18,4,0,1
1682,25,2,0,1
1683,25,7,1,0
1684,18,3,0,1
1685,35,12,0,1
1686,35,12,0,1
1687,25,3,0,1
1688,18,4,1,0
1689,35,5,0,1
1690,35,16,0,1
1691,25,17,1,0
1692,35,20,0,1
1693,25,12,0,1
1694,25,12,0,1
1695,25,1,0,1
1696,35,7,0,1
1697,18,4,1,0
1698,35,2,0,1
1699,25,19,1,0
1700,25,20,0,1
1701,25,4,1,0
1702,18,10,0,1
1703,18,15,0,1
1704,25,4,0,1
1705,18,4,1,0
1706,25,20,0,1
1707,50,1,0,1
1708,25,0,0,1
1709,25,0,0,1
1710,18,0,0,1
1711,18,4,1,0
1712,25,0,0,1
1713,25,0,0,1
1714,25,17,0,1
1715,25,16,0,1
1716,25,0,0,1
1717,50,6,1,0
1718,18,4,0,1
1719,18,16,0,1
1720,18,4,0,1
1721,18,19,0,1
1722,35,0,0,1
1723,35,17,0,1
1724,18,4,0,1
1725,18,19,0,1
1726,25,2,0,1
1727,35,16,0,1
1728,18,4,0,1
1729,25,7,0,1
1730,18,4,1,0
1731,18,0,1,0
1732,18,4,0,1
1733,18,14,0,1
1734,45,17,0,1
1735,18,20,0,1
1736,56,8,0,1
1737,35,20,0,1
1738,35,16,0,1
1739,56,16,0,1
1740,56,1,0,1
1741,35,7,0,1
1742,25,15,0,1
1743,35,17,0,1
1744,35,12,0,1
1745,45,0,0,1
1746,25,4,0,1
1747,25,0,0,1
1748,50,1,0,1
1749,25,2,0,1
1750,50,5,0,1
1751,35,20,0,1
1752,25,3,0,1
1753,35,6,0,1
1754,18,19,0,1
1755,18,4,1,0
1756,25,1,1,0
1757,25,4,0,1
1758,25,0,1,0
1759,25,16,0,1
1760,25,3,1,0
1761,35,0,0,1
1762,25,14,0,1
1763,35,7,0,1
1764,18,0,0,1
1765,18,4,0,1
1766,45,0,1,0
1767,25,20,0,1
1768,45,16,0,1
1769,25,17,0,1
1770,35,16,0,1
1771,25,17,0,1
1772,56,2,0,1
1773,18,4,0,1
1774,25,17,0,1
1775,25,4,0,1
1776,25,0,0,1
1777,25,20,0,1
1778,18,4,0,1
1779,18,1,0,1
1780,35,1,0,1
1781,35,0,1,0
1782,45,0,0,1
1783,18,4,0,1
1784,18,20,0,1
1785,18,4,0,1
1786,45,1,0,1
1787,18,8,0,1
1788,45,2,0,1
1789,1,10,0,1
1790,25,0,0,1
1791,18,4,0,1
1792,25,2,1,0
1793,25,4,0,1
1794,25,11,0,1
1795,18,17,0,1
1796,50,11,0,1
1797,35,7,0,1
1798,45,11,0,1
1799,35,11,0,1
1800,18,4,0,1
1801,25,6,1,0
1802,18,4,0,1
1803,25,2,0,1
1804,25,7,0,1
1805,18,4,0,1
1806,18,4,0,1
1807,18,17,0,1
1808,18,4,1,0
1809,25,14,1,0
1810,50,13,0,1
1811,56,2,0,1
1812,25,12,1,0
1813,35,6,1,0
1814,50,7,0,1
1815,1,1,0,1
1816,35,9,1,0
1817,35,1,0,1
1818,1,8,0,1
1819,35,12,1,0
1820,25,20,0,1
1821,25,20,0,1
1822,25,0,1,0
1823,35,1,1,0
1824,18,4,1,0
1825,25,7,0,1
1826,45,11,0,1
1827,25,1,1,0
1828,18,4,0,1
1829,25,16,0,1
1830,18,4,0,1
1831,18,4,0,1
1832,18,4,1,0
1833,18,17,0,1
1834,35,5,0,1
1835,25,19,0,1
1836,25,0,0,1
1837,25,2,0,1
1838,35,7,0,1
1839,18,4,0,1
1840,25,12,0,1
1841,18,0,0,1
1842,18,4,0,1
1843,25,12,0,1
1844,18,4,1,0
1845,25,2,0,1
1846,45,12,0,1
1847,18,4,0,1
1848,35,5,0,1
1849,35,7,0,1
1850,18,5,0,1
1851,25,19,0,1
1852,25,12,0,1
1853,50,0,0,1
1854,25,0,0,1
1855,18,4,0,1
1856,56,7,0,1
1857,1,10,0,1
1858,18,4,1,0
1859,25,4,1,0
1860,56,16,0,1
1861,50,16,0,1
1862,50,14,0,1
1863,18,4,0,1
1864,35,7,0,1
1865,18,1,1,0
1866,25,7,0,1
1867,50,7,0,1
1868,50,11,0,1
1869,45,14,0,1
1870,56,13,0,1
1871,45,1,1,0
1872,50,20,0,1
1873,35,7,0,1
1874,45,7,0,1
1875,35,12,0,1
1876,25,12,0,1
1877,45,20,1,0
1878,1,10,0,1
1879,25,4,0,1
1880,35,0,0,1
1881,35,2,0,1
1882,35,16,0,1
1883,50,0,1,0
1884,45,20,0,1
1885,50,17,0,1
1886,25,12,0,1
1887,56,15,0,1
1888,35,12,0,1
1889,18,14,0,1
1890,50,6,0,1
1891,45,1,0,1
1892,25,20,0,1
1893,35,0,1,0
1894,35,7,1,0
1895,35,14,0,1
1896,56,13,0,1
1897,50,2,1,0
1898,25,12,0,1
1899,45,6,1,0
1900,56,12,0,1
1901,50,7,0,1
1902,25,19,0,1
1903,35,0,0,1
1904,18,1,0,1
1905,35,20,1,0
1906,25,5,1,0
1907,35,17,0,1
1908,56,13,0,1
1909,18,4,0,1
1910,1,10,0,1
1911,18,4,1,0
1912,25,4,0,1
1913,25,17,0,1
1914,35,14,1,0
1915,50,13,0,1
1916,45,7,0,1
1917,18,10,0,1
1918,45,6,1,0
1919,1,0,0,1
1920,35,7,1,0
1921,56,12,0,1
1922,25,7,1,0
1923,35,7,0,1
1924,56,6,1,0
1925,50,7,0,1
1926,1,0,1,0
1927,35,7,0,1
1928,1,10,0,1
1929,1,10,1,0
1930,25,15,0,1
1931,25,2,0,1
1932,25,7,0,1
1933,18,19,0,1
1934,25,17,0,1
1935,1,10,0,1
1936,35,0,0,1
1937,25,11,0,1
1938,25,2,1,0
1939,35,2,1,0
1940,25,12,0,1
1941,35,17,0,1
1942,35,5,0,1
1943,18,4,0,1
1944,18,4,1,0
1945,25,20,0,1
1946,25,14,0,1
1947,25,7,0,1
1948,1,10,0,1
1949,18,17,0,1
1950,25,12,0,1
1951,18,4,1,0
1952,35,1,0,1
1953,25,2,1,0
1954,25,16,0,1
1955,1,19,0,1
1956,35,0,0,1
1957,18,4,1,0
1958,25,1,1,0
1959,50,13,1,0
1960,45,7,0,1
1961,50,3,1,0
1962,18,1,1,0
1963,50,9,1,0
1964,25,6,1,0
1965,56,17,0,1
1966,25,20,0,1
1967,50,7,0,1
1968,25,11,0,1
1969,25,3,1,0
1970,50,13,0,1
1971,25,14,1,0
1972,45,17,0,1
1973,25,1,0,1
1974,35,17,0,1
1975,18,4,0,1
1976,35,5,0,1
1977,56,6,0,1
1978,1,10,0,1
1979,56,17,0,1
1980,35,7,0,1
1981,56,1,0,1
1982,1,10,0,1
1983,25,14,0,1
1984,18,10,0,1
1985,45,12,0,1
1986,50,13,0,1
1987,25,17,0,1
1988,25,1,1,0
1989,50,6,0,1
1990,25,7,0,1
1991,25,20,0,1
1992,18,4,0,1
1993,35,17,0,1
1994,35,2,0,1
1995,25,1,0,1
1996,35,0,0,1
1997,25,0,0,1
1998,50,9,1,0
1999,35,3,1,0
2000,18,4,0,1
2001,50,1,0,1
2002,56,13,1,0
2003,1,10,0,1
2004,45,19,0,1
2005,18,4,0,1
2006,35,0,0,1
2007,50,16,0,1
2008,25,3,0,1
2009,35,7,1,0
2010,18,4,0,1
2011,35,3,1,0
2012,25,4,0,1
2013,45,0,0,1
2014,18,4,0,1
2015,18,4,0,1
2016,56,2,1,0
2017,25,17,0,1
2018,35,16,0,1
2019,50,1,0,1
2020,25,7,0,1
2021,25,0,0,1
2022,25,7,0,1
2023,18,4,0,1
2024,1,19,0,1
2025,56,13,0,1
2026,50,16,0,1
2027,25,9,1,0
2028,45,6,0,1
2029,25,12,1,0
2030,25,4,0,1
2031,35,20,0,1
2032,50,14,0,1
2033,45,20,1,0
2034,45,2,1,0
2035,18,0,1,0
2036,25,14,1,0
2037,56,14,0,1
2038,45,1,1,0
2039,50,16,0,1
2040,25,7,1,0
2041,25,20,1,0
2042,1,10,0,1
2043,25,14,0,1
2044,45,0,1,0
2045,1,0,1,0
2046,35,1,0,1
2047,1,10,0,1
2048,50,6,0,1
2049,50,0,1,0
2050,35,3,1,0
2051,35,7,0,1
2052,1,10,0,1
2053,45,11,0,1
2054,25,12,0,1
2055,50,11,0,1
2056,25,4,0,1
2057,35,1,0,1
2058,56,1,1,0
2059,35,0,0,1
2060,1,1,0,1
2061,56,1,0,1
2062,18,4,0,1
2063,25,4,0,1
2064,35,1,0,1
2065,25,6,0,1
2066,25,6,1,0
2067,50,16,0,1
2068,35,12,1,0
2069,56,15,0,1
2070,35,6,1,0
2071,45,7,0,1
2072,50,12,1,0
2073,18,4,1,0
2074,18,4,0,1
2075,25,4,1,0
2076,18,4,0,1
2077,18,0,0,1
2078,18,4,0,1
2079,1,10,0,1
2080,25,11,0,1
2081,18,17,0,1
2082,1,19,0,1
2083,18,4,0,1
2084,18,4,0,1
2085,18,0,0,1
2086,35,14,0,1
2087,25,0,0,1
2088,50,7,0,1
2089,35,17,0,1
2090,35,17,0,1
2091,35,20,1,0
2092,56,1,0,1
2093,18,0,0,1
2094,35,2,0,1
2095,56,13,0,1
2096,25,17,1,0
2097,18,5,0,1
2098,35,20,0,1
2099,18,0,1,0
2100,25,0,1,0
2101,25,16,0,1
2102,25,11,0,1
2103,35,12,0,1
2104,45,15,0,1
2105,25,1,0,1
2106,18,20,1,0
2107,25,1,0,1
2108,1,10,0,1
2109,25,16,0,1
2110,50,11,0,1
2111,56,13,0,1
2112,45,12,1,0
2113,25,6,0,1
2114,18,18,0,1
2115,35,17,0,1
2116,18,4,0,1
2117,56,13,0,1
2118,25,14,0,1
2119,35,4,0,1
2120,1,0,0,1
2121,56,13,0,1
2122,35,12,0,1
2123,35,0,1,0
2124,25,0,0,1
2125,35,3,0,1
2126,56,14,0,1
2127,18,4,0,1
2128,45,1,1,0
2129,25,5,0,1
2130,45,0,0,1
2131,25,0,0,1
2132,56,14,0,1
2133,1,10,1,0
2134,18,10,0,1
2135,50,1,0,1
2136,35,18,0,1
2137,1,10,1,0
2138,18,4,1,0
2139,50,3,1,0
2140,45,14,0,1
2141,50,16,1,0
2142,45,14,1,0
2143,18,4,0,1
2144,18,0,0,1
2145,18,10,0,1
2146,18,2,0,1
2147,18,0,1,0
2148,18,0,1,0
2149,25,0,0,1
2150,18,4,1,0
2151,56,13,0,1
2152,18,4,0,1
2153,18,16,0,1
2154,25,12,0,1
2155,1,10,1,0
2156,18,19,0,1
2157,18,3,1,0
2158,25,12,0,1
2159,50,14,1,0
2160,18,19,1,0
2161,35,2,1,0
2162,1,10,1,0
2163,18,0,0,1
2164,35,0,0,1
2165,25,7,0,1
2166,1,10,0,1
2167,25,6,1,0
2168,1,10,0,1
2169,1,0,0,1
2170,50,16,1,0
2171,35,0,0,1
2172,18,20,0,1
2173,50,13,0,1
2174,50,12,0,1
2175,25,4,0,1
2176,1,19,0,1
2177,35,20,1,0
2178,45,14,0,1
2179,25,0,1,0
2180,25,12,0,1
2181,25,0,0,1
2182,25,4,1,0
2183,56,1,1,0
2184,18,4,0,1
2185,45,17,0,1
2186,18,5,0,1
2187,45,16,0,1
2188,18,19,1,0
2189,1,10,0,1
2190,25,15,1,0
2191,18,4,0,1
2192,25,0,1,0
2193,1,10,0,1
2194,25,17,0,1
2195,1,10,0,1
2196,25,12,0,1
2197,25,1,1,0
2198,35,9,1,0
2199,1,10,0,1
2200,35,1,0,1
2201,56,20,0,1
2202,1,10,1,0
2203,45,12,0,1
2204,56,3,0,1
2205,25,7,1,0
2206,45,7,0,1
2207,18,4,0,1
2208,25,0,0,1
2209,35,7,0,1
2210,45,17,0,1
2211,45,6,0,1
2212,18,4,0,1
2213,25,0,1,0
2214,25,1,1,0
2215,25,0,1,0
2216,25,20,1,0
2217,1,10,0,1
2218,35,17,0,1
2219,25,6,0,1
2220,50,3,1,0
2221,56,17,0,1
2222,45,1,1,0
2223,25,2,0,1
2224,25,12,0,1
2225,25,5,0,1
2226,25,7,1,0
2227,50,14,0,1
2228,25,12,0,1
2229,45,0,0,1
2230,45,1,1,0
2231,50,11,0,1
2232,25,14,0,1
2233,35,3,1,0
2234,56,1,0,1
2235,1,10,0,1
2236,1,10,0,1
2237,35,6,1,0
2238,25,4,1,0
2239,18,10,0,1
2240,45,12,0,1
2241,45,5,0,1
2242,18,4,0,1
2243,45,2,0,1
2244,1,10,0,1
2245,1,10,0,1
2246,25,0,0,1
2247,45,2,0,1
2248,35,12,1,0
2249,25,5,0,1
2250,18,19,0,1
2251,35,14,0,1
2252,18,1,1,0
2253,50,0,1,0
2254,35,5,0,1
2255,35,6,1,0
2256,45,15,1,0
2257,18,4,1,0
2258,18,4,1,0
2259,56,16,1,0
2260,25,20,1,0
2261,25,5,0,1
2262,45,17,0,1
2263,25,6,0,1
2264,45,7,1,0
2265,56,13,0,1
2266,50,2,1,0
2267,56,13,1,0
2268,35,1,1,0
2269,45,0,1,0
2270,18,1,0,1
2271,50,14,0,1
2272,25,0,0,1
2273,25,6,0,1
2274,18,2,0,1
2275,56,7,0,1
2276,56,13,0,1
2277,45,9,1,0
2278,50,17,0,1
2279,50,7,0,1
2280,56,6,0,1
2281,45,11,0,1
2282,50,2,0,1
2283,35,18,0,1
2284,25,20,0,1
2285,1,10,1,0
2286,35,17,0,1
2287,56,0,0,1
2288,1,10,0,1
2289,50,1,1,0
2290,25,0,0,1
2291,45,1,0,1
2292,50,15,0,1
2293,56,3,1,0
2294,56,13,0,1
2295,45,11,0,1
2296,25,6,1,0
2297,56,13,0,1
2298,35,17,0,1
2299,18,10,1,0
2300,56,13,0,1
2301,25,12,1,0
2302,50,12,0,1
2303,50,17,0,1
2304,45,12,0,1
2305,50,20,0,1
2306,18,4,1,0
2307,25,17,0,1
2308,45,16,1,0
2309,45,0,1,0
2310,45,12,0,1
2311,25,4,1,0
2312,45,0,0,1
2313,50,6,1,0
2314,25,1,1,0
2315,56,7,0,1
2316,35,0,0,1
2317,45,9,1,0
2318,56,7,0,1
2319,35,7,0,1
2320,50,1,1,0
2321,25,7,0,1
2322,56,13,1,0
2323,35,3,0,1
2324,35,17,0,1
2325,18,4,1,0
2326,18,4,0,1
2327,18,10,0,1
2328,56,7,0,1
2329,56,15,1,0
2330,45,7,0,1
2331,56,1,0,1
2332,56,14,0,1
2333,50,6,0,1
2334,56,7,1,0
2335,50,17,0,1
2336,35,18,0,1
2337,35,17,0,1
2338,45,17,0,1
2339,56,3,1,0
2340,35,2,0,1
2341,56,1,0,1
2342,35,3,0,1
2343,45,1,1,0
2344,25,12,0,1
2345,35,16,0,1
2346,1,10,1,0
2347,35,1,0,1
2348,50,12,0,1
2349,25,8,0,1
2350,18,4,0,1
2351,25,0,1,0
2352,50,13,0,1
2353,35,9,1,0
2354,35,11,0,1
2355,45,9,1,0
2356,50,16,1,0
2357,35,14,1,0
2358,56,6,1,0
2359,56,13,0,1
2360,50,6,0,1
2361,56,7,0,1
2362,25,14,0,1
2363,50,14,0,1
2364,56,9,1,0
2365,50,7,0,1
2366,45,16,1,0
2367,25,9,1,0
2368,56,13,1,0
2369,35,14,0,1
2370,50,1,0,1
2371,35,7,1,0
2372,45,7,1,0
2373,45,7,0,1
2374,25,14,0,1
2375,50,7,1,0
2376,25,1,0,1
2377,35,0,0,1
2378,25,3,0,1
2379,18,18,0,1
2380,25,4,0,1
2381,35,9,1,0
2382,50,13,0,1
2383,25,14,1,0
2384,35,17,0,1
2385,45,2,1,0
2386,25,0,1,0
2387,25,17,0,1
2388,56,5,0,1
2389,25,16,0,1
2390,25,6,1,0
2391,50,18,0,1
2392,56,3,1,0
2393,56,13,0,1
2394,35,6,0,1
2395,35,7,0,1
2396,18,0,1,0
2397,35,11,1,0
2398,25,0,0,1
2399,35,17,0,1
2400,25,16,1,0
2401,25,4,0,1
2402,45,17,0,1
2403,18,4,0,1
2404,18,7,0,1
2405,50,8,0,1
2406,56,12,1,0
2407,35,16,0,1
2408,45,1,1,0
2409,35,9,1,0
2410,56,7,0,1
2411,35,14,1,0
2412,56,13,0,1
2413,56,7,1,0
2414,25,1,0,1
2415,25,7,0,1
2416,45,7,0,1
2417,45,1,0,1
2418,1,10,1,0
2419,25,0,0,1
2420,50,7,0,1
2421,35,7,0,1
2422,50,9,1,0
2423,45,9,1,0
2424,25,17,0,1
2425,35,14,1,0
2426,56,0,0,1
2427,25,14,1,0
2428,45,17,0,1
2429,25,2,0,1
2430,25,4,0,1
2431,25,4,1,0
2432,25,4,0,1
2433,25,4,0,1
2434,25,4,0,1
2435,25,4,0,1
2436,25,7,0,1
2437,25,4,0,1
2438,35,1,0,1
2439,45,17,0,1
2440,50,17,0,1
2441,45,6,1,0
2442,35,17,0,1
2443,35,0,1,0
2444,45,4,1,0
2445,25,0,0,1
2446,18,7,0,1
2447,25,14,0,1
2448,35,6,0,1
2449,56,13,0,1
2450,45,16,0,1
2451,45,12,0,1
2452,45,7,0,1
2453,25,7,0,1
2454,18,0,0,1
2455,35,7,0,1
2456,25,5,0,1
2457,25,0,0,1
2458,25,7,0,1
2459,50,7,0,1
2460,50,1,1,0
2461,18,4,0,1
2462,35,1,0,1
2463,25,7,0,1
2464,18,4,1,0
2465,50,6,0,1
2466,25,15,0,1
2467,1,10,0,1
2468,50,1,0,1
2469,25,4,0,1
2470,35,18,0,1
2471,50,13,0,1
2472,25,18,0,1
2473,25,12,0,1
2474,25,12,0,1
2475,25,18,1,0
2476,50,12,0,1
2477,45,0,0,1
2478,50,1,0,1
2479,25,1,1,0
2480,18,20,1,0
2481,35,14,0,1
2482,50,3,1,0
2483,56,13,0,1
2484,45,5,0,1
2485,35,14,0,1
2486,18,12,0,1
2487,45,7,0,1
2488,45,2,1,0
2489,35,9,1,0
2490,25,12,0,1
2491,35,7,0,1
2492,45,2,1,0
2493,45,2,0,1
2494,18,4,0,1
2495,18,4,1,0
2496,50,1,0,1
2497,50,14,1,0
2498,56,18,0,1
2499,50,0,0,1
2500,56,1,0,1
2501,25,15,0,1
2502,56,13,0,1
2503,35,17,0,1
2504,25,7,0,1
2505,25,7,0,1
2506,25,14,1,0
2507,25,4,0,1
2508,35,3,1,0
2509,25,5,0,1
2510,25,7,0,1
2511,25,7,0,1
2512,45,14,1,0
2513,56,1,0,1
2514,56,14,0,1
2515,45,12,0,1
2516,45,6,1,0
2517,35,9,1,0
2518,25,7,0,1
2519,45,2,1,0
2520,56,2,1,0
2521,35,17,0,1
2522,18,11,0,1
2523,25,17,0,1
2524,56,9,1,0
2525,35,1,1,0
2526,56,13,0,1
2527,35,15,0,1
2528,56,0,0,1
2529,35,9,1,0
2530,18,0,0,1
2531,45,7,1,0
2532,56,13,1,0
2533,25,3,1,0
2534,50,6,1,0
2535,56,2,1,0
2536,56,13,0,1
2537,35,11,0,1
2538,56,13,0,1
2539,35,7,0,1
2540,45,6,1,0
2541,35,5,1,0
2542,45,13,1,0
2543,35,0,1,0
2544,45,1,0,1
2545,56,13,0,1
2546,56,13,1,0
2547,35,0,1,0
2548,35,6,1,0
2549,56,13,0,1
2550,50,7,0,1
2551,25,12,0,1
2552,25,9,1,0
2553,25,7,0,1
2554,25,1,0,1
2555,56,7,0,1
2556,25,4,0,1
2557,18,19,1,0
2558,56,17,0,1
2559,18,10,0,1
2560,45,6,1,0
2561,25,15,0,1
2562,18,0,0,1
2563,45,13,0,1
2564,35,20,1,0
2565,35,5,0,1
2566,35,17,0,1
2567,25,0,0,1
2568,25,17,0,1
2569,45,0,0,1
2570,56,14,1,0
2571,35,17,0,1
2572,35,14,0,1
2573,45,16,0,1
2574,50,6,0,1
2575,35,7,0,1
2576,18,17,0,1
2577,25,7,0,1
2578,50,7,0,1
2579,35,15,0,1
2580,45,1,1,0
2581,25,11,0,1
2582,25,1,1,0
2583,35,7,0,1
2584,56,1,1,0
2585,45,15,0,1
2586,25,20,0,1
2587,35,7,0,1
2588,56,13,1,0
2589,25,0,0,1
2590,18,4,0,1
2591,18,1,0,1
2592,50,7,0,1
2593,56,16,0,1
2594,35,7,0,1
2595,18,4,0,1
2596,50,7,0,1
2597,50,0,1,0
2598,25,17,0,1
2599,25,12,0,1
2600,25,14,0,1
2601,35,16,0,1
2602,45,12,0,1
2603,25,17,0,1
2604,25,0,0,1
2605,35,7,0,1
2606,50,7,0,1
2607,56,0,1,0
2608,25,1,1,0
2609,50,12,1,0
2610,45,7,0,1
2611,25,3,0,1
2612,45,3,1,0
2613,35,1,0,1
2614,25,7,0,1
2615,25,7,0,1
2616,35,7,0,1
2617,45,15,1,0
2618,18,4,1,0
2619,35,12,0,1
2620,18,4,0,1
2621,18,0,0,1
2622,35,6,1,0
2623,56,1,0,1
2624,35,0,1,0
2625,35,7,0,1
2626,56,1,0,1
2627,25,1,0,1
2628,25,2,1,0
2629,25,11,0,1
2630,18,5,1,0
2631,50,1,1,0
2632,56,0,0,1
2633,35,9,1,0
2634,56,1,0,1
2635,35,0,0,1
2636,18,12,0,1
2637,35,20,1,0
2638,25,14,0,1
2639,25,6,1,0
2640,35,12,0,1
2641,25,6,0,1
2642,25,0,0,1
2643,45,17,0,1
2644,18,15,0,1
2645,25,7,0,1
2646,45,17,0,1
2647,35,11,1,0
2648,25,17,0,1
2649,25,16,0,1
2650,45,7,0,1
2651,56,14,0,1
2652,35,20,0,1
2653,25,7,0,1
2654,35,9,1,0
2655,35,7,0,1
2656,56,13,0,1
2657,1,10,1,0
2658,25,7,0,1
2659,35,14,0,1
2660,56,17,0,1
2661,56,13,0,1
2662,25,17,0,1
2663,25,4,1,0
2664,35,7,0,1
2665,35,11,0,1
2666,45,16,0,1
2667,35,6,1,0
2668,25,4,1,0
2669,45,0,0,1
2670,35,6,0,1
2671,35,12,1,0
2672,35,7,0,1
2673,35,7,0,1
2674,25,4,0,1
2675,35,18,0,1
2676,56,20,0,1
2677,35,7,1,0
2678,25,6,0,1
2679,18,4,1,0
2680,25,12,0,1
2681,25,4,1,0
2682,18,4,0,1
2683,35,7,0,1
2684,18,0,1,0
2685,45,7,0,1
2686,25,0,0,1
2687,1,10,0,1
2688,25,17,0,1
2689,25,12,0,1
2690,25,7,0,1
2691,18,4,0,1
2692,18,4,1,0
2693,56,13,0,1
2694,18,4,0,1
2695,35,11,0,1
2696,25,7,0,1
2697,50,17,1,0
2698,25,2,1,0
2699,56,13,1,0
2700,25,7,0,1
2701,45,1,0,1
2702,45,6,0,1
2703,35,11,0,1
2704,56,13,0,1
2705,25,1,0,1
2706,25,1,1,0
2707,56,13,0,1
2708,25,7,0,1
2709,25,0,1,0
2710,35,17,0,1
2711,25,4,1,0
2712,18,19,1,0
2713,25,7,0,1
2714,18,4,0,1
2715,50,4,1,0
2716,50,4,1,0
2717,25,4,0,1
2718,25,4,1,0
2719,25,12,0,1
2720,35,0,0,1
2721,45,14,0,1
2722,35,7,0,1
2723,25,9,1,0
2724,45,2,1,0
2725,35,7,0,1
2726,45,11,0,1
2727,25,11,0,1
2728,35,12,0,1
2729,50,7,0,1
2730,35,11,0,1
2731,35,7,0,1
2732,45,17,0,1
2733,45,17,0,1
2734,18,4,1,0
2735,25,7,0,1
2736,45,12,0,1
2737,25,3,0,1
2738,50,2,1,0
2739,35,7,1,0
2740,45,17,0,1
2741,25,14,0,1
2742,25,17,0,1
2743,25,14,0,1
2744,18,17,0,1
2745,35,1,1,0
2746,50,14,0,1
2747,18,4,1,0
2748,25,4,0,1
2749,25,12,0,1
2750,25,15,1,0
2751,25,16,1,0
2752,25,15,0,1
2753,50,20,1,0
2754,50,12,0,1
2755,35,7,0,1
2756,18,4,0,1
2757,25,2,0,1
2758,56,8,0,1
2759,25,7,0,1
2760,56,0,0,1
2761,35,6,0,1
2762,50,16,0,1
2763,18,4,1,0
2764,25,7,0,1
2765,50,7,0,1
2766,45,7,0,1
2767,25,0,0,1
2768,25,17,0,1
2769,25,7,0,1
2770,35,1,0,1
2771,18,1,0,1
2772,35,17,0,1
2773,35,2,0,1
2774,25,1,0,1
2775,18,4,1,0
2776,25,14,0,1
2777,18,4,0,1
2778,56,13,0,1
2779,35,7,0,1
2780,25,17,0,1
2781,35,4,0,1
2782,18,4,1,0
2783,45,17,0,1
2784,50,20,0,1
2785,56,13,0,1
2786,25,4,0,1
2787,25,4,0,1
2788,56,1,0,1
2789,18,4,0,1
2790,25,20,0,1
2791,56,7,0,1
2792,18,4,0,1
2793,35,7,0,1
2794,25,2,0,1
2795,50,13,0,1
2796,25,14,0,1
2797,25,7,1,0
2798,35,20,0,1
2799,18,0,0,1
2800,18,4,1,0
2801,25,3,1,0
2802,35,20,0,1
2803,25,7,0,1
2804,35,0,1,0
2805,56,19,0,1
2806,1,10,0,1
2807,35,11,1,0
2808,56,16,0,1
2809,25,7,0,1
2810,1,10,1,0
2811,25,19,0,1
2812,25,17,0,1
2813,25,20,0,1
2814,35,7,0,1
2815,35,17,0,1
2816,25,7,0,1
2817,35,12,0,1
2818,25,12,0,1
2819,45,14,0,1
2820,35,0,1,0
2821,18,20,0,1
2822,50,7,0,1
2823,25,4,0,1
2824,18,4,0,1
2825,25,20,1,0
2826,35,12,0,1
2827,25,17,0,1
2828,18,4,0,1
2829,45,20,0,1
2830,35,7,0,1
2831,25,0,0,1
2832,25,17,0,1
2833,25,15,0,1
2834,35,1,0,1
2835,35,20,0,1
2836,25,12,0,1
2837,18,0,0,1
2838,18,1,0,1
2839,25,17,0,1
2840,25,0,0,1
2841,50,12,0,1
2842,35,17,0,1
2843,25,4,1,0
2844,25,20,0,1
2845,25,4,0,1
2846,18,4,1,0
2847,18,4,0,1
2848,25,0,0,1
2849,45,11,0,1
2850,18,20,0,1
2851,25,7,1,0
2852,25,12,0,1
2853,1,1,0,1
2854,18,4,1,0
2855,25,4,0,1
2856,35,11,0,1
2857,25,0,0,1
2858,1,10,1,0
2859,18,1,0,1
2860,35,17,0,1
2861,25,15,0,1
2862,45,7,0,1
2863,25,2,1,0
2864,35,3,1,0
2865,25,6,1,0
2866,25,7,0,1
2867,45,17,0,1
2868,35,12,0,1
2869,50,17,0,1
2870,50,18,0,1
2871,25,14,1,0
2872,25,20,0,1
2873,18,4,1,0
2874,35,20,1,0
2875,25,2,0,1
2876,25,17,0,1
2877,35,1,0,1
2878,50,20,1,0
2879,18,4,0,1
2880,18,12,0,1
2881,25,12,1,0
2882,18,20,0,1
2883,18,20,0,1
2884,50,3,1,0
2885,18,1,1,0
2886,18,4,0,1
2887,25,3,0,1
2888,25,14,0,1
2889,35,3,0,1
2890,35,7,0,1
2891,18,4,1,0
2892,25,4,0,1
2893,25,1,0,1
2894,18,4,0,1
2895,25,11,0,1
2896,18,14,0,1
2897,25,5,0,1
2898,18,4,0,1
2899,35,14,0,1
2900,18,12,0,1
2901,25,17,0,1
2902,25,12,0,1
2903,25,16,0,1
2904,25,4,0,1
2905,35,17,0,1
2906,35,19,0,1
2907,35,5,1,0
2908,18,2,0,1
2909,25,7,0,1
2910,1,19,0,1
2911,25,4,1,0
2912,18,4,1,0
2913,35,20,1,0
2914,25,4,0,1
2915,25,7,0,1
2916,45,2,0,1
2917,25,0,0,1
2918,25,12,0,1
2919,18,17,0,1
2920,25,2,0,1
2921,50,1,0,1
2922,25,17,0,1
2923,35,12,0,1
2924,18,4,1,0
2925,25,4,1,0
2926,18,2,1,0
2927,25,12,0,1
2928,25,2,0,1
2929,18,2,0,1
2930,50,17,0,1
2931,18,4,0,1
2932,25,12,0,1
2933,35,11,0,1
2934,35,20,1,0
2935,25,0,0,1
2936,18,4,1,0
2937,18,4,1,0
2938,25,0,1,0
2939,25,15,1,0
2940,25,0,0,1
2941,35,12,0,1
2942,50,1,1,0
2943,35,12,0,1
2944,18,4,1,0
2945,35,17,1,0
2946,35,16,0,1
2947,25,0,1,0
2948,18,14,0,1
2949,25,17,0,1
2950,18,0,0,1
2951,35,14,1,0
2952,25,4,0,1
2953,25,20,0,1
2954,18,2,0,1
2955,35,14,0,1
2956,25,12,0,1
2957,18,4,0,1
2958,25,7,0,1
2959,35,17,0,1
2960,18,4,0,1
2961,50,17,0,1
2962,35,3,0,1
2963,18,4,1,0
2964,25,17,0,1
2965,35,4,1,0
2966,25,4,1,0
2967,25,0,0,1
2968,18,0,1,0
2969,25,7,0,1
2970,18,4,0,1
2971,25,4,0,1
2972,25,4,0,1
2973,18,4,1,0
2974,18,4,0,1
2975,35,11,0,1
2976,18,20,0,1
2977,18,4,1,0
2978,35,20,0,1
2979,35,2,0,1
2980,45,7,0,1
2981,45,6,0,1
2982,25,4,0,1
2983,18,4,0,1
2984,25,4,0,1
2985,18,4,0,1
2986,25,4,0,1
2987,18,4,0,1
2988,18,6,1,0
2989,35,12,0,1
2990,35,12,0,1
2991,50,1,0,1
2992,18,4,0,1
2993,18,19,0,1
2994,35,5,0,1
2995,25,15,0,1
2996,18,0,0,1
2997,35,16,1,0
2998,25,1,1,0
2999,25,7,0,1
3000,25,4,0,1
3001,18,4,0,1
3002,45,11,0,1
3003,18,15,0,1
3004,18,4,1,0
3005,25,17,0,1
3006,18,4,0,1
3007,35,0,0,1
3008,18,4,0,1
3009,35,3,1,0
3010,25,12,0,1
3011,25,1,0,1
3012,25,12,0,1
3013,45,17,0,1
3014,35,7,0,1
3015,56,6,0,1
3016,18,12,0,1
3017,35,9,1,0
3018,35,0,0,1
3019,50,12,0,1
3020,35,7,1,0
3021,45,15,1,0
3022,25,17,0,1
3023,25,7,1,0
3024,35,17,0,1
3025,35,0,1,0
3026,18,4,1,0
3027,18,4,0,1
3028,1,10,0,1
3029,18,4,0,1
3030,35,1,0,1
3031,18,4,0,1
3032,25,0,0,1
3033,18,4,0,1
3034,18,1,1,0
3035,25,7,1,0
3036,56,13,0,1
3037,25,2,1,0
3038,35,2,1,0
3039,50,3,1,0
3040,25,8,0,1
3041,25,4,0,1
3042,56,1,0,1
3043,18,2,0,1
3044,35,16,0,1
3045,45,1,0,1
3046,1,4,0,1
3047,25,4,1,0
3048,18,2,0,1
3049,50,0,1,0
3050,35,12,0,1
3051,18,17,0,1
3052,35,12,0,1
3053,25,3,1,0
3054,18,4,0,1
3055,25,3,1,0
3056,25,18,0,1
3057,25,12,1,0
3058,18,12,0,1
3059,35,0,0,1
3060,35,1,1,0
3061,45,2,0,1
3062,18,4,0,1
3063,18,4,0,1
3064,35,17,0,1
3065,18,4,1,0
3066,18,4,0,1
3067,25,0,1,0
3068,35,9,1,0
3069,18,4,0,1
3070,18,4,1,0
3071,25,1,0,1
3072,50,1,0,1
3073,25,0,0,1
3074,25,0,0,1
3075,25,11,1,0
3076,35,17,0,1
3077,18,4,0,1
3078,35,1,1,0
3079,25,1,1,0
3080,25,20,0,1
3081,25,7,0,1
3082,35,6,1,0
3083,50,0,1,0
3084,25,16,0,1
3085,25,4,0,1
3086,18,12,0,1
3087,1,1,1,0
3088,25,4,1,0
3089,45,16,0,1
3090,25,2,0,1
3091,25,0,1,0
3092,35,15,0,1
3093,45,20,1,0
3094,35,0,0,1
3095,25,3,1,0
3096,45,3,1,0
3097,25,5,1,0
3098,25,4,0,1
3099,25,17,0,1
3100,25,6,1,0
3101,18,15,0,1
3102,25,12,0,1
3103,25,20,0,1
3104,18,17,0,1
3105,35,12,0,1
3106,25,0,0,1
3107,25,17,0,1
3108,50,6,0,1
3109,25,11,1,0
3110,25,0,0,1
3111,18,4,0,1
3112,18,12,0,1
3113,25,10,0,1
3114,18,5,0,1
3115,35,17,0,1
3116,25,12,0,1
3117,35,0,0,1
3118,25,0,0,1
3119,45,1,0,1
3120,18,4,0,1
3121,25,2,0,1
3122,25,7,1,0
3123,25,2,0,1
3124,25,12,0,1
3125,25,7,0,1
3126,25,2,0,1
3127,25,0,1,0
3128,18,2,0,1
3129,25,7,0,1
3130,25,7,0,1
3131,25,2,1,0
3132,35,7,0,1
3133,18,4,0,1
3134,18,4,0,1
3135,25,15,0,1
3136,25,4,1,0
3137,25,11,0,1
3138,35,17,0,1
3139,56,13,0,1
3140,25,4,1,0
3141,25,14,0,1
3142,25,20,0,1
3143,50,16,1,0
3144,25,7,1,0
3145,18,4,0,1
3146,25,0,0,1
3147,25,14,0,1
3148,18,20,0,1
3149,18,4,0,1
3150,25,3,1,0
3151,25,0,1,0
3152,18,4,0,1
3153,25,4,1,0
3154,25,4,1,0
3155,25,7,0,1
3156,35,7,0,1
3157,25,12,0,1
3158,25,15,0,1
3159,25,15,1,0
3160,25,17,0,1
3161,25,7,0,1
3162,25,1,0,1
3163,18,15,0,1
3164,18,12,0,1
3165,35,7,0,1
3166,18,4,0,1
3167,25,2,0,1
3168,35,5,1,0
3169,50,0,0,1
3170,25,0,0,1
3171,50,3,1,0
3172,18,12,0,1
3173,25,12,0,1
3174,18,14,1,0
3175,35,16,0,1
3176,25,17,0,1
3177,25,6,1,0
3178,35,5,1,0
3179,18,20,1,0
3180,25,14,0,1
3181,25,12,0,1
3182,25,12,0,1
3183,50,7,0,1
3184,25,18,1,0
3185,18,7,0,1
3186,50,1,0,1
3187,35,12,0,1
3188,56,13,0,1
3189,25,16,0,1
3190,1,17,0,1
3191,25,12,0,1
3192,18,4,0,1
3193,25,0,0,1
3194,25,15,0,1
3195,18,4,0,1
3196,18,4,1,0
3197,18,14,1,0
3198,25,12,0,1
3199,18,0,0,1
3200,25,1,1,0
3201,45,7,0,1
3202,18,4,1,0
3203,35,0,0,1
3204,45,16,0,1
3205,35,16,1,0
3206,18,20,0,1
3207,35,7,0,1
3208,25,14,0,1
3209,25,0,0,1
3210,45,0,1,0
3211,50,16,0,1
3212,25,17,1,0
3213,25,1,1,0
3214,56,7,1,0
3215,50,13,1,0
3216,35,1,0,1
3217,35,0,1,0
3218,56,6,0,1
3219,18,4,1,0
3220,35,7,0,1
3221,25,0,0,1
3222,35,7,0,1
3223,25,20,0,1
3224,25,14,1,0
3225,18,0,0,1
3226,35,4,0,1
3227,25,14,1,0
3228,25,14,0,1
3229,56,1,1,0
3230,35,16,0,1
3231,25,7,0,1
3232,35,12,0,1
3233,50,2,0,1
3234,1,0,1,0
3235,18,4,0,1
3236,18,15,0,1
3237,35,7,0,1
3238,35,7,0,1
3239,25,12,1,0
3240,18,4,0,1
3241,50,0,1,0
3242,50,13,0,1
3243,25,12,0,1
3244,18,4,1,0
3245,18,2,0,1
3246,35,1,1,0
3247,35,15,0,1
3248,25,7,1,0
3249,25,4,1,0
3250,25,4,0,1
3251,35,17,0,1
3252,50,0,0,1
3253,35,4,1,0
3254,35,6,1,0
3255,25,15,1,0
3256,25,15,0,1
3257,25,14,0,1
3258,45,6,0,1
3259,18,4,1,0
3260,25,4,0,1
3261,45,20,0,1
3262,25,14,0,1
3263,50,11,0,1
3264,25,1,1,0
3265,25,15,0,1
3266,25,4,1,0
3267,25,4,0,1
3268,25,12,0,1
3269,18,20,1,0
3270,18,11,0,1
3271,35,0,1,0
3272,35,0,0,1
3273,35,7,0,1
3274,25,20,0,1
3275,35,7,0,1
3276,25,20,0,1
3277,25,17,0,1
3278,35,7,0,1
3279,45,15,0,1
3280,25,7,0,1
3281,25,17,0,1
3282,45,3,0,1
3283,35,16,0,1
3284,25,6,0,1
3285,25,4,0,1
3286,35,7,1,0
3287,56,13,0,1
3288,25,14,0,1
3289,45,6,0,1
3290,25,14,0,1
3291,25,7,1,0
3292,50,6,1,0
3293,45,14,0,1
3294,18,4,0,1
3295,18,18,0,1
3296,18,14,0,1
3297,18,4,0,1
3298,1,10,0,1
3299,25,4,1,0
3300,35,5,0,1
3301,25,2,1,0
3302,25,17,0,1
3303,56,17,0,1
3304,45,5,1,0
3305,56,20,0,1
3306,45,14,0,1
3307,50,6,0,1
3308,18,20,1,0
3309,25,17,0,1
3310,45,14,0,1
3311,25,4,0,1
3312,18,4,1,0
3313,35,20,0,1
3314,25,7,0,1
3315,25,12,0,1
3316,1,19,0,1
3317,25,4,0,1
3318,56,13,0,1
3319,56,13,1,0
3320,25,1,0,1
3321,35,1,0,1
3322,18,4,1,0
3323,35,14,0,1
3324,35,17,0,1
3325,35,14,1,0
3326,45,7,0,1
3327,18,12,0,1
3328,56,19,0,1
3329,50,18,0,1
3330,35,1,1,0
3331,25,7,1,0
3332,25,7,0,1
3333,18,16,0,1
3334,35,0,0,1
3335,25,0,0,1
3336,35,17,0,1
3337,25,4,0,1
3338,45,16,0,1
3339,25,17,0,1
3340,45,16,0,1
3341,25,20,0,1
3342,25,5,1,0
3343,18,4,1,0
3344,35,0,0,1
3345,25,7,0,1
3346,35,7,0,1
3347,35,7,1,0
3348,45,16,0,1
3349,18,4,1,0
3350,18,0,1,0
3351,18,5,1,0
3352,35,0,0,1
3353,35,17,0,1
3354,25,7,0,1
3355,25,1,0,1
3356,35,7,0,1
3357,25,18,0,1
3358,25,1,1,0
3359,25,20,0,1
3360,25,0,1,0
3361,25,4,0,1
3362,25,0,1,0
3363,35,9,1,0
3364,56,13,0,1
3365,50,17,0,1
3366,35,14,0,1
3367,50,16,0,1
3368,25,14,0,1
3369,45,18,0,1
3370,18,4,0,1
3371,25,2,0,1
3372,56,13,0,1
3373,18,16,0,1
3374,35,5,0,1
3375,25,4,0,1
3376,35,16,0,1
3377,25,17,0,1
3378,18,4,0,1
3379,35,1,0,1
3380,50,0,0,1
3381,25,0,0,1
3382,1,10,1,0
3383,56,16,0,1
3384,35,7,0,1
3385,25,9,1,0
3386,18,4,0,1
3387,18,1,0,1
3388,25,1,1,0
3389,18,0,0,1
3390,45,20,1,0
3391,18,4,0,1
3392,50,6,0,1
3393,35,12,0,1
3394,35,7,0,1
3395,25,7,0,1
3396,25,12,0,1
3397,25,5,0,1
3398,18,20,0,1
3399,25,4,0,1
3400,25,14,0,1
3401,35,7,0,1
3402,35,20,0,1
3403,35,5,0,1
3404,25,8,0,1
3405,35,14,0,1
3406,25,7,1,0
3407,45,5,1,0
3408,25,17,0,1
3409,25,4,0,1
3410,35,1,0,1
3411,18,4,0,1
3412,25,18,0,1
3413,25,17,1,0
3414,25,17,0,1
3415,35,7,0,1
3416,25,12,0,1
3417,18,2,1,0
3418,18,3,1,0
3419,45,1,0,1
3420,25,7,1,0
3421,45,7,0,1
3422,25,5,0,1
3423,25,7,0,1
3424,25,6,0,1
3425,18,20,0,1
3426,25,20,0,1
3427,25,14,0,1
3428,45,1,0,1
3429,25,7,1,0
3430,45,1,1,0
3431,45,6,1,0
3432,25,12,0,1
3433,18,12,0,1
3434,18,4,0,1
3435,45,1,0,1
3436,35,0,0,1
3437,25,0,1,0
3438,25,0,1,0
3439,18,17,0,1
3440,56,17,0,1
3441,25,14,1,0
3442,18,12,0,1
3443,35,17,1,0
3444,50,14,0,1
3445,35,20,1,0
3446,25,7,0,1
3447,25,12,0,1
3448,18,3,1,0
3449,25,14,0,1
3450,25,5,0,1
3451,25,11,1,0
3452,25,14,0,1
3453,35,7,0,1
3454,18,0,0,1
3455,25,0,1,0
3456,25,17,0,1
3457,25,20,0,1
3458,45,0,0,1
3459,18,4,0,1
3460,1,4,0,1
3461,35,0,0,1
3462,25,4,1,0
3463,25,15,0,1
3464,25,14,1,0
3465,25,14,0,1
3466,25,14,0,1
3467,25,14,0,1
3468,25,20,0,1
3469,45,17,0,1
3470,35,17,0,1
3471,18,4,0,1
3472,25,6,0,1
3473,35,16,1,0
3474,35,11,0,1
3475,25,14,0,1
3476,50,0,0,1
3477,50,1,1,0
3478,25,7,0,1
3479,18,4,0,1
3480,25,0,0,1
3481,18,4,0,1
3482,50,17,0,1
3483,45,7,1,0
3484,18,4,0,1
3485,25,0,0,1
3486,18,0,1,0
3487,18,4,0,1
3488,45,17,0,1
3489,18,4,0,1
3490,25,0,0,1
3491,25,16,0,1
3492,35,7,0,1
3493,25,17,0,1
3494,25,1,0,1
3495,18,4,0,1
3496,35,5,0,1
3497,35,2,1,0
3498,25,17,0,1
3499,25,3,0,1
3500,35,7,0,1
3501,35,7,1,0
3502,18,7,1,0
3503,18,4,0,1
3504,18,7,0,1
3505,25,15,1,0
3506,18,12,0,1
3507,25,0,0,1
3508,18,4,0,1
3509,18,4,0,1
3510,18,4,1,0
3511,50,0,0,1
3512,18,17,0,1
3513,25,16,0,1
3514,18,12,0,1
3515,35,3,0,1
3516,18,4,0,1
3517,18,12,0,1
3518,18,7,1,0
3519,25,14,1,0
3520,25,0,0,1
3521,25,0,0,1
3522,18,0,0,1
3523,35,7,0,1
3524,25,0,1,0
3525,18,4,1,0
3526,35,2,0,1
3527,25,0,0,1
3528,35,5,0,1
3529,45,1,1,0
3530,25,0,0,1
3531,25,11,1,0
3532,35,14,1,0
3533,25,2,0,1
3534,35,17,0,1
3535,45,18,0,1
3536,18,4,0,1
3537,1,10,0,1
3538,35,0,0,1
3539,25,4,1,0
3540,18,17,0,1
3541,25,3,0,1
3542,25,15,0,1
3543,25,17,0,1
3544,25,4,1,0
3545,35,12,0,1
3546,25,20,0,1
3547,35,16,0,1
3548,45,7,0,1
3549,35,7,1,0
3550,25,5,0,1
3551,56,0,1,0
3552,35,2,1,0
3553,35,16,0,1
3554,25,15,0,1
3555,56,7,0,1
3556,25,17,0,1
3557,18,5,0,1
3558,18,17,0,1
3559,18,4,0,1
3560,25,6,1,0
3561,35,14,0,1
3562,25,6,1,0
3563,25,2,0,1
3564,25,11,0,1
3565,25,18,0,1
3566,45,0,0,1
3567,25,14,0,1
3568,25,0,0,1
3569,18,2,1,0
3570,35,12,0,1
3571,18,4,0,1
3572,35,11,0,1
3573,1,10,0,1
3574,35,6,1,0
3575,25,18,0,1
3576,50,7,0,1
3577,56,0,1,0
3578,50,3,0,1
3579,18,0,0,1
3580,18,3,1,0
3581,18,1,0,1
3582,35,0,1,0
3583,25,9,1,0
3584,18,0,0,1
3585,35,20,0,1
3586,35,20,0,1
3587,35,3,0,1
3588,25,2,0,1
3589,45,0,1,0
3590,18,15,1,0
3591,35,6,0,1
3592,56,2,1,0
3593,25,9,1,0
3594,1,0,0,1
3595,25,0,0,1
3596,35,4,1,0
3597,25,17,0,1
3598,56,1,0,1
3599,25,16,0,1
3600,35,20,0,1
3601,35,3,1,0
3602,25,12,0,1
3603,35,7,1,0
3604,1,10,1,0
3605,18,12,0,1
3606,25,15,1,0
3607,35,17,0,1
3608,35,9,1,0
3609,25,17,1,0
3610,18,6,0,1
3611,25,2,0,1
3612,25,14,0,1
3613,25,0,0,1
3614,25,0,0,1
3615,25,17,0,1
3616,45,0,0,1
3617,35,7,0,1
3618,56,17,0,1
3619,50,16,0,1
3620,25,7,0,1
3621,18,4,0,1
3622,18,1,0,1
3623,35,11,0,1
3624,25,12,0,1
3625,18,10,0,1
3626,25,17,0,1
3627,35,1,1,0
3628,25,7,0,1
3629,50,7,1,0
3630,18,4,0,1
3631,18,4,0,1
3632,50,11,0,1
3633,35,18,0,1
3634,50,1,0,1
3635,50,1,0,1
3636,25,0,0,1
3637,25,6,0,1
3638,25,2,0,1
3639,18,4,0,1
3640,35,7,0,1
3641,25,0,0,1
3642,25,7,1,0
3643,25,17,0,1
3644,25,11,1,0
3645,35,17,0,1
3646,35,20,0,1
3647,25,7,0,1
3648,18,4,0,1
3649,25,0,1,0
3650,25,0,0,1
3651,25,14,0,1
3652,25,12,0,1
3653,18,15,0,1
3654,25,17,0,1
3655,25,7,1,0
3656,45,5,1,0
3657,18,17,0,1
3658,25,7,1,0
3659,18,4,0,1
3660,35,7,0,1
3661,35,12,0,1
3662,35,16,0,1
3663,35,9,1,0
3664,35,1,1,0
3665,25,0,0,1
3666,45,0,0,1
3667,1,10,1,0
3668,45,7,1,0
3669,25,14,0,1
3670,45,14,0,1
3671,25,4,0,1
3672,35,5,0,1
3673,25,2,0,1
3674,25,20,0,1
3675,35,7,0,1
3676,35,12,1,0
3677,25,12,1,0
3678,25,0,0,1
3679,25,4,0,1
3680,25,1,1,0
3681,25,7,0,1
3682,50,1,1,0
3683,25,2,0,1
3684,25,17,0,1
3685,25,5,0,1
3686,25,7,0,1
3687,50,1,1,0
3688,18,6,0,1
3689,25,0,0,1
3690,18,0,0,1
3691,25,7,0,1
3692,35,17,0,1
3693,25,15,0,1
3694,25,12,0,1
3695,25,2,0,1
3696,35,7,0,1
3697,25,15,0,1
3698,25,7,0,1
3699,56,3,1,0
3700,25,14,0,1
3701,35,1,0,1
3702,35,15,0,1
3703,18,12,0,1
3704,35,0,1,0
3705,45,7,0,1
3706,25,12,0,1
3707,18,0,1,0
3708,56,7,0,1
3709,25,12,0,1
3710,1,10,0,1
3711,35,0,0,1
3712,25,17,0,1
3713,25,7,1,0
3714,25,17,0,1
3715,18,5,0,1
3716,18,12,0,1
3717,35,17,0,1
3718,50,17,0,1
3719,25,1,0,1
3720,45,7,0,1
3721,25,15,0,1
3722,25,18,0,1
3723,25,14,0,1
3724,35,6,0,1
3725,18,4,0,1
3726,25,17,0,1
3727,35,7,0,1
3728,18,4,0,1
3729,18,4,0,1
3730,25,1,0,1
3731,25,17,0,1
3732,25,17,0,1
3733,18,4,0,1
3734,18,4,0,1
3735,25,0,0,1
3736,35,1,0,1
3737,25,14,0,1
3738,45,7,0,1
3739,56,11,0,1
3740,18,5,0,1
3741,25,0,0,1
3742,25,0,0,1
3743,35,7,1,0
3744,25,0,0,1
3745,25,9,1,0
3746,25,5,0,1
3747,45,13,0,1
3748,18,4,0,1
3749,25,0,1,0
3750,18,4,1,0
3751,35,12,1,0
3752,18,1,1,0
3753,25,7,0,1
3754,56,7,0,1
3755,50,14,1,0
3756,18,12,0,1
3757,25,7,0,1
3758,35,5,1,0
3759,35,6,0,1
3760,50,0,0,1
3761,25,17,0,1
3762,50,6,0,1
3763,25,2,0,1
3764,25,1,0,1
3765,50,3,1,0
3766,18,1,1,0
3767,25,0,0,1
3768,25,4,0,1
3769,25,15,0,1
3770,35,3,1,0
3771,25,1,0,1
3772,35,17,0,1
3773,35,6,0,1
3774,25,0,0,1
3775,35,12,0,1
3776,25,4,1,0
3777,18,4,0,1
3778,25,0,0,1
3779,45,2,1,0
3780,1,0,0,1
3781,56,11,1,0
3782,25,0,1,0
3783,25,7,0,1
3784,25,1,1,0
3785,25,20,1,0
3786,25,0,1,0
3787,25,0,1,0
3788,18,0,1,0
3789,25,0,1,0
3790,25,17,1,0
3791,50,18,0,1
3792,25,6,0,1
3793,18,4,0,1
3794,18,4,1,0
3795,18,4,1,0
3796,45,14,0,1
3797,25,7,0,1
3798,25,7,0,1
3799,18,0,0,1
3800,18,1,0,1
3801,18,12,0,1
3802,18,0,0,1
3803,35,9,1,0
3804,25,6,0,1
3805,35,1,1,0
3806,18,4,0,1
3807,35,19,1,0
3808,25,7,0,1
3809,35,6,0,1
3810,50,7,0,1
3811,25,15,0,1
3812,35,17,0,1
3813,35,7,0,1
3814,25,15,0,1
3815,25,17,0,1
3816,25,3,1,0
3817,35,3,0,1
3818,45,17,0,1
3819,25,12,0,1
3820,25,17,0,1
3821,25,20,0,1
3822,45,20,0,1
3823,56,7,0,1
3824,25,17,0,1
3825,18,1,0,1
3826,25,1,0,1
3827,50,2,0,1
3828,25,20,0,1
3829,25,1,1,0
3830,18,4,0,1
3831,18,6,1,0
3832,25,7,1,0
3833,25,1,0,1
3834,18,2,0,1
3835,25,7,0,1
3836,50,8,1,0
3837,25,17,0,1
3838,25,14,1,0
3839,50,14,0,1
3840,25,0,1,0
3841,45,18,0,1
3842,35,16,1,0
3843,1,10,1,0
3844,18,4,0,1
3845,25,12,0,1
3846,35,0,0,1
3847,25,7,0,1
3848,25,15,0,1
3849,35,0,0,1
3850,18,3,0,1
3851,25,12,0,1
3852,50,16,0,1
3853,25,14,0,1
3854,25,14,0,1
3855,25,17,0,1
3856,35,20,1,0
3857,18,14,0,1
3858,45,9,1,0
3859,25,0,0,1
3860,45,17,0,1
3861,18,4,0,1
3862,25,17,0,1
3863,25,0,0,1
3864,50,20,0,1
3865,1,10,1,0
3866,45,14,0,1
3867,35,3,0,1
3868,18,12,0,1
3869,18,17,0,1
3870,25,17,0,1
3871,18,4,0,1
3872,25,1,0,1
3873,45,2,1,0
3874,25,7,0,1
3875,25,0,0,1
3876,25,0,0,1
3877,45,1,0,1
3878,35,16,0,1
3879,25,3,0,1
3880,25,7,0,1
3881,18,2,0,1
3882,56,14,0,1
3883,50,16,0,1
3884,18,4,0,1
3885,25,12,0,1
3886,35,7,0,1
3887,18,4,0,1
3888,45,17,0,1
3889,45,6,0,1
3890,18,4,0,1
3891,56,16,1,0
3892,25,20,0,1
3893,25,6,0,1
3894,35,16,0,1
3895,35,0,1,0
3896,35,0,0,1
3897,56,17,0,1
3898,45,11,0,1
3899,25,17,0,1
3900,25,14,1,0
3901,18,14,0,1
3902,25,5,0,1
3903,25,0,0,1
3904,1,10,0,1
3905,25,17,0,1
3906,50,17,0,1
3907,18,14,1,0
3908,25,0,0,1
3909,18,17,0,1
3910,25,20,0,1
3911,18,0,0,1
3912,25,4,0,1
3913,18,17,0,1
3914,35,4,0,1
3915,35,3,1,0
3916,25,4,0,1
3917,35,9,1,0
3918,25,18,0,1
3919,45,0,0,1
3920,35,17,0,1
3921,25,14,0,1
3922,18,4,0,1
3923,35,2,0,1
3924,50,12,0,1
3925,25,12,0,1
3926,25,2,0,1
3927,25,16,1,0
3928,25,0,0,1
3929,25,5,0,1
3930,56,3,0,1
3931,25,5,0,1
3932,25,7,0,1
3933,35,6,1,0
3934,25,0,0,1
3935,35,18,0,1
3936,35,12,1,0
3937,56,2,0,1
3938,25,2,0,1
3939,45,7,0,1
3940,35,20,0,1
3941,45,17,0,1
3942,18,4,0,1
3943,35,7,1,0
3944,35,16,1,0
3945,45,1,1,0
3946,25,12,1,0
3947,25,0,0,1
3948,45,12,1,0
3949,45,0,0,1
3950,25,4,0,1
3951,18,4,1,0
3952,45,1,1,0
3953,25,12,0,1
3954,18,4,0,1
3955,35,0,0,1
3956,25,0,0,1
3957,35,11,0,1
3958,45,7,0,1
3959,45,1,1,0
3960,35,14,1,0
3961,25,1,0,1
3962,56,0,1,0
3963,50,20,0,1
3964,56,16,0,1
3965,18,11,0,1
3966,25,0,0,1
3967,18,2,1,0
3968,25,2,0,1
3969,56,7,0,1
3970,25,2,1,0
3971,18,4,1,0
3972,25,6,1,0
3973,25,7,0,1
3974,35,0,0,1
3975,25,5,1,0
3976,25,0,1,0
3977,35,14,0,1
3978,35,13,0,1
3979,50,9,1,0
3980,25,4,0,1
3981,45,0,1,0
3982,56,13,0,1
3983,25,0,0,1
3984,25,7,0,1
3985,45,16,0,1
3986,25,7,0,1
3987,18,4,1,0
3988,25,14,1,0
3989,50,12,0,1
3990,25,16,0,1
3991,25,7,0,1
3992,25,4,0,1
3993,25,0,0,1
3994,50,7,0,1
3995,35,17,0,1
3996,18,14,0,1
3997,35,17,0,1
3998,45,0,0,1
3999,35,17,0,1
4000,35,7,0,1
4001,25,1,1,0
4002,45,16,0,1
4003,56,13,0,1
4004,50,0,0,1
4005,35,7,0,1
4006,1,7,0,1
4007,35,12,0,1
4008,18,1,0,1
4009,18,7,0,1
4010,25,14,0,1
4011,25,17,0,1
4012,18,4,0,1
4013,25,1,0,1
4014,25,0,0,1
4015,45,3,1,0
4016,50,0,0,1
4017,25,14,0,1
4018,45,20,1,0
4019,35,17,0,1
4020,25,6,0,1
4021,50,20,0,1
4022,35,14,0,1
4023,35,9,1,0
4024,25,5,0,1
4025,56,6,1,0
4026,25,7,0,1
4027,25,7,1,0
4028,25,4,0,1
4029,56,3,1,0
4030,35,7,0,1
4031,25,0,0,1
4032,25,12,0,1
4033,25,6,0,1
4034,25,0,0,1
4035,18,4,0,1
4036,25,1,0,1
4037,50,16,0,1
4038,50,6,0,1
4039,25,16,0,1
4040,25,20,0,1
4041,18,3,0,1
4042,35,15,0,1
4043,25,15,1,0
4044,35,3,1,0
4045,56,13,0,1
4046,45,17,0,1
4047,18,4,0,1
4048,35,1,1,0
4049,45,11,0,1
4050,35,6,0,1
4051,18,14,0,1
4052,25,2,0,1
4053,25,18,0,1
4054,35,3,0,1
4055,50,0,0,1
4056,1,10,0,1
4057,35,6,0,1
4058,25,6,0,1
4059,25,14,0,1
4060,25,18,0,1
4061,50,6,0,1
4062,25,7,0,1
4063,35,1,1,0
4064,45,0,0,1
4065,45,5,1,0
4066,25,0,0,1
4067,45,20,0,1
4068,56,3,0,1
4069,35,15,0,1
4070,25,15,0,1
4071,25,17,0,1
4072,50,6,0,1
4073,25,6,0,1
4074,35,6,0,1
4075,25,16,0,1
4076,25,17,0,1
4077,35,2,1,0
4078,25,15,0,1
4079,35,17,0,1
4080,35,1,0,1
4081,18,12,0,1
4082,25,20,0,1
4083,56,14,0,1
4084,56,13,0,1
4085,25,6,1,0
4086,1,10,1,0
4087,1,4,0,1
4088,25,3,0,1
4089,25,7,0,1
4090,56,6,0,1
4091,25,17,0,1
4092,25,0,1,0
4093,25,4,0,1
4094,25,17,0,1
4095,25,0,0,1
4096,25,15,0,1
4097,25,7,0,1
4098,35,7,0,1
4099,35,17,0,1
4100,56,6,0,1
4101,18,4,0,1
4102,1,10,0,1
4103,18,16,0,1
4104,18,16,0,1
4105,50,7,0,1
4106,25,16,0,1
4107,25,0,1,0
4108,35,17,0,1
4109,35,3,0,1
4110,45,7,1,0
4111,25,15,0,1
4112,45,18,0,1
4113,35,17,0,1
4114,35,14,0,1
4115,25,15,0,1
4116,35,7,0,1
4117,18,4,0,1
4118,25,3,0,1
4119,50,1,0,1
4120,25,16,0,1
4121,45,7,0,1
4122,18,19,0,1
4123,25,4,1,0
4124,25,18,0,1
4125,35,2,0,1
4126,25,17,0,1
4127,50,17,0,1
4128,35,6,0,1
4129,56,11,0,1
4130,35,6,0,1
4131,45,7,0,1
4132,25,17,0,1
4133,45,4,0,1
4134,45,12,1,0
4135,1,10,0,1
4136,50,16,0,1
4137,25,7,0,1
4138,25,7,0,1
4139,56,14,0,1
4140,25,0,0,1
4141,35,17,0,1
4142,56,7,0,1
4143,25,5,1,0
4144,18,4,0,1
4145,50,1,1,0
4146,35,17,0,1
4147,50,7,1,0
4148,35,7,1,0
4149,35,1,0,1
4150,25,0,0,1
4151,45,20,0,1
4152,25,14,0,1
4153,50,17,0,1
4154,25,1,0,1
4155,50,17,0,1
4156,56,20,0,1
4157,50,18,0,1
4158,1,10,1,0
4159,50,9,1,0
4160,35,20,0,1
4161,45,0,0,1
4162,25,14,1,0
4163,56,7,0,1
4164,35,1,0,1
4165,25,14,1,0
4166,25,7,1,0
4167,25,20,0,1
4168,45,6,1,0
4169,50,0,0,1
4170,45,7,0,1
4171,56,16,0,1
4172,35,7,0,1
4173,18,11,1,0
4174,35,3,1,0
4175,35,0,0,1
4176,45,7,0,1
4177,35,17,0,1
4178,50,16,1,0
4179,35,20,1,0
4180,56,13,0,1
4181,25,7,1,0
4182,25,18,0,1
4183,25,1,0,1
4184,50,7,0,1
4185,25,14,0,1
4186,25,7,0,1
4187,56,20,1,0
4188,50,7,0,1
4189,35,14,0,1
4190,45,17,0,1
4191,45,15,1,0
4192,35,17,0,1
4193,56,13,0,1
4194,18,4,0,1
4195,56,13,1,0
4196,35,14,0,1
4197,45,1,1,0
4198,18,4,0,1
4199,25,9,1,0
4200,45,7,0,1
4201,25,0,1,0
4202,25,7,0,1
4203,25,18,0,1
4204,35,7,0,1
4205,25,15,1,0
4206,35,1,1,0
4207,35,1,0,1
4208,35,0,1,0
4209,56,0,0,1
4210,25,17,0,1
4211,45,5,0,1
4212,56,18,0,1
4213,35,7,0,1
4214,25,0,1,0
4215,25,7,0,1
4216,25,17,0,1
4217,18,4,0,1
4218,50,17,0,1
4219,35,17,0,1
4220,35,0,0,1
4221,35,4,0,1
4222,45,17,1,0
4223,35,17,1,0
4224,45,1,1,0
4225,25,3,1,0
4226,35,6,1,0
4227,25,19,0,1
4228,50,18,0,1
4229,35,17,0,1
4230,56,13,0,1
4231,50,18,1,0
4232,35,20,1,0
4233,35,4,0,1
4234,45,3,1,0
4235,50,2,0,1
4236,25,3,1,0
4237,25,14,0,1
4238,35,16,0,1
4239,50,7,0,1
4240,35,17,0,1
4241,35,7,0,1
4242,50,7,0,1
4243,56,7,0,1
4244,35,17,0,1
4245,50,12,0,1
4246,35,7,1,0
4247,25,4,0,1
4248,25,4,0,1
4249,18,17,1,0
4250,50,0,1,0
4251,45,7,0,1
4252,35,3,1,0
4253,45,11,0,1
4254,25,17,0,1
4255,50,12,0,1
4256,1,2,1,0
4257,50,16,0,1
4258,25,17,0,1
4259,35,17,0,1
4260,25,16,0,1
4261,35,6,1,0
4262,35,6,1,0
4263,25,7,0,1
4264,45,1,0,1
4265,25,12,0,1
4266,56,13,0,1
4267,35,7,0,1
4268,45,20,1,0
4269,35,18,0,1
4270,45,7,0,1
4271,35,7,0,1
4272,45,17,0,1
4273,45,13,0,1
4274,45,1,1,0
4275,45,16,1,0
4276,45,0,1,0
4277,35,16,0,1
4278,45,7,1,0
4279,25,16,0,1
4280,35,17,0,1
4281,56,13,0,1
4282,35,0,0,1
4283,25,9,1,0
4284,50,7,0,1
4285,35,0,0,1
4286,35,17,0,1
4287,25,7,0,1
4288,25,9,1,0
4289,35,14,0,1
4290,25,17,0,1
4291,35,14,0,1
4292,25,0,0,1
4293,45,9,1,0
4294,1,10,0,1
4295,18,18,0,1
4296,56,6,0,1
4297,45,15,0,1
4298,18,14,1,0
4299,25,2,1,0
4300,18,4,1,0
4301,35,11,0,1
4302,50,1,0,1
4303,25,2,0,1
4304,18,0,0,1
4305,45,17,1,0
4306,45,7,0,1
4307,25,0,0,1
4308,25,0,0,1
4309,25,0,0,1
4310,25,4,0,1
4311,50,13,0,1
4312,25,18,0,1
4313,25,7,1,0
4314,25,17,0,1
4315,18,4,0,1
4316,25,6,0,1
4317,35,14,1,0
4318,25,5,0,1
4319,35,7,0,1
4320,25,5,0,1
4321,45,7,0,1
4322,50,6,1,0
4323,18,4,0,1
4324,25,5,0,1
4325,25,0,0,1
4326,45,13,1,0
4327,35,17,0,1
4328,50,3,0,1
4329,25,14,1,0
4330,45,6,1,0
4331,35,6,0,1
4332,25,3,1,0
4333,50,2,0,1
4334,25,1,0,1
4335,35,0,0,1
4336,25,0,1,0
4337,18,20,0,1
4338,18,5,1,0
4339,25,2,0,1
4340,25,17,1,0
4341,35,17,0,1
4342,25,0,0,1
4343,25,12,0,1
4344,25,1,0,1
4345,25,14,1,0
4346,18,17,0,1
4347,18,20,1,0
4348,45,0,0,1
4349,18,2,0,1
4350,18,2,0,1
4351,25,12,0,1
4352,18,4,0,1
4353,25,7,0,1
4354,35,14,0,1
4355,50,14,0,1
4356,35,16,0,1
4357,35,9,1,0
4358,35,17,0,1
4359,18,4,0,1
4360,25,9,1,0
4361,35,15,0,1
4362,25,17,0,1
4363,35,14,0,1
4364,25,18,0,1
4365,50,16,1,0
4366,18,15,0,1
4367,35,0,0,1
4368,18,17,0,1
4369,50,7,0,1
4370,25,16,0,1
4371,18,4,1,0
4372,35,17,0,1
4373,50,12,0,1
4374,18,4,0,1
4375,25,5,1,0
4376,25,5,1,0
4377,25,0,0,1
4378,18,17,0,1
4379,25,4,0,1
4380,25,1,1,0
4381,25,4,0,1
4382,25,18,0,1
4383,18,4,1,0
4384,25,0,0,1
4385,25,4,0,1
4386,25,5,0,1
4387,18,4,1,0
4388,45,3,0,1
4389,25,4,0,1
4390,25,0,0,1
4391,18,4,1,0
4392,18,4,0,1
4393,18,4,0,1
4394,25,4,0,1
4395,50,6,0,1
4396,18,1,0,1
4397,18,4,0,1
4398,18,4,1,0
4399,18,4,1,0
4400,18,4,1,0
4401,18,4,0,1
4402,18,14,1,0
4403,25,15,0,1
4404,25,1,0,1
4405,25,14,0,1
4406,25,16,0,1
4407,18,4,0,1
4408,45,2,1,0
4409,25,14,0,1
4410,18,19,0,1
4411,18,4,0,1
4412,18,4,0,1
4413,1,13,0,1
4414,25,4,0,1
4415,18,0,0,1
4416,18,4,0,1
4417,25,15,0,1
4418,50,0,1,0
4419,45,12,1,0
4420,25,15,0,1
4421,45,0,0,1
4422,25,5,0,1
4423,18,4,0,1
4424,25,7,0,1
4425,35,7,0,1
4426,45,17,0,1
4427,18,0,0,1
4428,25,14,0,1
4429,25,5,0,1
4430,25,0,1,0
4431,1,14,0,1
4432,25,12,0,1
4433,25,0,0,1
4434,35,7,1,0
4435,25,7,0,1
4436,25,12,0,1
4437,35,5,1,0
4438,50,0,0,1
4439,35,6,0,1
4440,35,1,0,1
4441,18,4,0,1
4442,50,15,0,1
4443,56,2,0,1
4444,25,12,1,0
4445,25,3,0,1
4446,18,18,0,1
4447,45,5,0,1
4448,25,14,0,1
4449,25,12,0,1
4450,25,15,0,1
4451,25,14,0,1
4452,25,7,1,0
4453,35,0,0,1
4454,25,20,0,1
4455,35,7,0,1
4456,35,2,1,0
4457,35,14,0,1
4458,25,4,1,0
4459,25,1,0,1
4460,25,14,0,1
4461,25,20,0,1
4462,25,0,1,0
4463,50,7,0,1
4464,50,1,1,0
4465,18,4,0,1
4466,35,11,0,1
4467,50,6,1,0
4468,35,7,1,0
4469,45,12,1,0
4470,35,12,0,1
4471,25,6,0,1
4472,45,16,1,0
4473,35,1,0,1
4474,35,7,0,1
4475,18,4,0,1
4476,45,1,0,1
4477,25,7,0,1
4478,1,12,0,1
4479,50,13,0,1
4480,25,0,0,1
4481,25,18,0,1
4482,35,1,1,0
4483,25,6,1,0
4484,25,17,1,0
4485,25,4,0,1
4486,35,8,0,1
4487,25,7,0,1
4488,35,7,0,1
4489,18,4,0,1
4490,35,5,0,1
4491,18,4,0,1
4492,56,13,0,1
4493,1,10,1,0
4494,45,0,0,1
4495,18,4,0,1
4496,45,2,0,1
4497,50,0,0,1
4498,50,7,0,1
4499,25,6,0,1
4500,50,7,0,1
4501,25,17,0,1
4502,50,0,0,1
4503,56,1,0,1
4504,25,0,1,0
4505,50,7,0,1
4506,50,16,0,1
4507,18,4,0,1
4508,25,20,0,1
4509,25,7,0,1
4510,45,7,0,1
4511,35,7,0,1
4512,25,1,0,1
4513,56,0,0,1
4514,18,3,0,1
4515,56,13,0,1
4516,18,4,0,1
4517,18,1,1,0
4518,25,0,0,1
4519,50,7,0,1
4520,25,4,0,1
4521,35,12,0,1
4522,45,1,0,1
4523,18,2,0,1
4524,25,2,0,1
4525,25,14,0,1
4526,25,20,0,1
4527,18,0,0,1
4528,25,14,0,1
4529,35,6,0,1
4530,35,1,1,0
4531,18,4,0,1
4532,25,7,0,1
4533,25,12,0,1
4534,18,4,0,1
4535,18,19,0,1
4536,18,12,0,1
4537,45,1,1,0
4538,25,12,0,1
4539,35,19,0,1
4540,25,14,1,0
4541,1,10,0,1
4542,35,0,0,1
4543,25,2,0,1
4544,56,1,0,1
4545,25,16,0,1
4546,25,7,0,1
4547,18,12,0,1
4548,18,2,0,1
4549,1,10,1,0
4550,18,16,0,1
4551,18,12,0,1
4552,25,0,0,1
4553,35,16,1,0
4554,25,9,1,0
4555,18,9,1,0
4556,45,16,0,1
4557,25,14,0,1
4558,35,14,0,1
4559,25,7,0,1
4560,25,0,0,1
4561,25,9,1,0
4562,35,10,0,1
4563,25,6,1,0
4564,35,12,0,1
4565,35,14,0,1
4566,35,17,0,1
4567,18,4,0,1
4568,25,4,1,0
4569,25,0,0,1
4570,45,17,0,1
4571,35,7,0,1
4572,1,10,1,0
4573,50,16,0,1
4574,25,4,0,1
4575,1,10,1,0
4576,25,7,1,0
4577,35,7,0,1
4578,25,0,0,1
4579,18,4,1,0
4580,56,13,1,0
4581,25,1,0,1
4582,25,0,1,0
4583,50,1,0,1
4584,45,0,1,0
4585,35,7,0,1
4586,25,4,0,1
4587,35,14,0,1
4588,25,4,1,0
4589,25,17,0,1
4590,18,20,1,0
4591,25,15,0,1
4592,18,4,0,1
4593,45,1,1,0
4594,35,16,0,1
4595,25,18,0,1
4596,18,4,1,0
4597,25,4,1,0
4598,35,3,1,0
4599,35,0,1,0
4600,25,0,0,1
4601,35,14,0,1
4602,35,7,0,1
4603,35,2,1,0
4604,25,15,0,1
4605,25,15,0,1
4606,1,10,1,0
4607,25,0,0,1
4608,25,0,1,0
4609,25,4,1,0
4610,25,4,1,0
4611,18,4,1,0
4612,18,4,1,0
4613,25,12,0,1
4614,45,1,1,0
4615,25,17,0,1
4616,25,20,0,1
4617,25,6,1,0
4618,25,14,0,1
4619,25,1,1,0
4620,18,17,1,0
4621,25,4,0,1
4622,25,12,0,1
4623,25,16,0,1
4624,25,12,0,1
4625,25,7,0,1
4626,25,14,0,1
4627,56,1,0,1
4628,56,6,1,0
4629,18,4,1,0
4630,25,4,1,0
4631,18,4,0,1
4632,25,0,0,1
4633,1,0,0,1
4634,50,20,0,1
4635,18,4,0,1
4636,18,2,0,1
4637,35,9,1,0
4638,25,4,0,1
4639,35,11,0,1
4640,25,4,0,1
4641,25,7,0,1
4642,25,0,0,1
4643,25,0,0,1
4644,50,1,0,1
4645,50,6,1,0
4646,25,6,1,0
4647,35,20,0,1
4648,18,4,0,1
4649,56,13,0,1
4650,25,7,0,1
4651,45,0,1,0
4652,25,7,1,0
4653,35,12,0,1
4654,35,20,0,1
4655,25,1,1,0
4656,25,17,0,1
4657,45,14,0,1
4658,25,4,0,1
4659,25,14,1,0
4660,18,4,1,0
4661,45,15,0,1
4662,18,4,1,0
4663,25,4,0,1
4664,45,7,1,0
4665,35,2,0,1
4666,35,1,0,1
4667,25,14,0,1
4668,35,14,0,1
4669,35,7,0,1
4670,35,5,0,1
4671,25,12,0,1
4672,56,13,0,1
4673,35,16,0,1
4674,35,7,1,0
4675,18,4,1,0
4676,45,14,0,1
4677,50,6,0,1
4678,35,2,0,1
4679,56,13,0,1
4680,35,0,0,1
4681,35,15,1,0
4682,25,7,0,1
4683,25,0,0,1
4684,25,0,1,0
4685,35,1,0,1
4686,18,1,0,1
4687,35,14,0,1
4688,25,9,0,1
4689,18,12,0,1
4690,1,10,1,0
4691,45,17,1,0
4692,25,7,1,0
4693,18,1,0,1
4694,56,7,0,1
4695,18,18,0,1
4696,18,12,0,1
4697,18,10,0,1
4698,25,6,1,0
4699,18,0,1,0
4700,18,4,1,0
4701,45,17,0,1
4702,25,11,0,1
4703,25,7,0,1
4704,18,20,0,1
4705,18,0,1,0
4706,25,14,0,1
4707,1,0,0,1
4708,25,0,0,1
4709,45,0,0,1
4710,35,16,1,0
4711,25,17,0,1
4712,35,17,0,1
4713,25,17,0,1
4714,50,1,0,1
4715,25,2,0,1
4716,25,16,1,0
4717,45,17,0,1
4718,35,7,0,1
4719,35,9,1,0
4720,25,2,0,1
4721,35,11,0,1
4722,35,12,0,1
4723,35,7,0,1
4724,56,6,1,0
4725,35,5,0,1
4726,35,16,1,0
4727,56,0,1,0
4728,25,19,0,1
4729,50,16,0,1
4730,50,11,0,1
4731,25,17,0,1
4732,25,14,0,1
4733,18,18,0,1
4734,50,1,0,1
4735,45,3,0,1
4736,18,20,0,1
4737,35,16,0,1
4738,56,1,0,1
4739,25,3,0,1
4740,25,3,1,0
4741,35,7,0,1
4742,25,3,0,1
4743,56,13,0,1
4744,50,15,0,1
4745,18,4,1,0
4746,50,1,0,1
4747,18,4,0,1
4748,45,16,0,1
4749,45,0,0,1
4750,25,0,1,0
4751,50,15,0,1
4752,18,4,1,0
4753,56,1,0,1
4754,18,0,1,0
4755,56,7,1,0
4756,56,16,0,1
4757,35,17,0,1
4758,56,13,1,0
4759,50,0,1,0
4760,35,17,0,1
4761,18,15,0,1
4762,25,14,1,0
4763,56,11,0,1
4764,1,10,0,1
4765,35,16,1,0
4766,35,16,0,1
4767,35,9,1,0
4768,25,4,0,1
4769,25,1,0,1
4770,35,7,1,0
4771,25,4,1,0
4772,56,17,0,1
4773,45,1,0,1
4774,45,14,0,1
4775,25,17,0,1
4776,25,3,1,0
4777,25,2,0,1
4778,25,0,0,1
4779,45,3,0,1
4780,25,12,0,1
4781,50,6,1,0
4782,45,1,0,1
4783,25,0,0,1
4784,35,6,1,0
4785,25,14,1,0
4786,45,6,0,1
4787,1,11,0,1
4788,35,7,0,1
4789,35,2,0,1
4790,25,2,1,0
4791,18,4,0,1
4792,50,7,1,0
4793,25,6,1,0
4794,35,0,1,0
4795,45,16,0,1
4796,35,7,0,1
4797,35,17,1,0
4798,25,1,0,1
4799,18,4,1,0
4800,18,4,0,1
4801,25,4,0,1
4802,56,1,0,1
4803,25,16,1,0
4804,35,1,1,0
4805,35,1,0,1
4806,25,17,0,1
4807,1,2,0,1
4808,35,0,0,1
4809,50,4,1,0
4810,18,12,0,1
4811,35,1,0,1
4812,18,14,0,1
4813,35,9,1,0
4814,18,14,0,1
4815,50,18,1,0
4816,45,6,1,0
4817,25,1,0,1
4818,25,17,1,0
4819,35,18,0,1
4820,50,11,0,1
4821,18,19,0,1
4822,35,0,1,0
4823,18,4,0,1
4824,25,7,0,1
4825,25,17,0,1
4826,45,12,0,1
4827,35,0,0,1
4828,18,20,1,0
4829,25,0,0,1
4830,1,10,0,1
4831,25,1,1,0
4832,25,14,0,1
4833,35,16,0,1
4834,45,9,1,0
4835,25,20,0,1
4836,45,16,1,0
4837,25,5,0,1
4838,45,1,0,1
4839,50,6,1,0
4840,45,6,1,0
4841,25,12,0,1
4842,35,1,1,0
4843,56,1,0,1
4844,45,7,0,1
4845,25,1,1,0
4846,25,2,1,0
4847,25,12,0,1
4848,35,6,1,0
4849,18,4,1,0
4850,45,3,1,0
4851,18,17,0,1
4852,35,0,0,1
4853,25,7,0,1
4854,50,13,1,0
4855,25,12,0,1
4856,25,7,0,1
4857,25,14,0,1
4858,25,1,0,1
4859,18,14,1,0
4860,25,2,0,1
4861,25,4,0,1
4862,25,0,0,1
4863,25,9,1,0
4864,18,20,0,1
4865,35,14,1,0
4866,56,12,0,1
4867,25,16,0,1
4868,35,17,0,1
4869,45,6,1,0
4870,35,3,1,0
4871,18,12,0,1
4872,45,1,0,1
4873,56,11,0,1
4874,25,4,1,0
4875,35,0,0,1
4876,35,17,1,0
4877,25,4,0,1
4878,50,4,0,1
4879,25,3,0,1
4880,45,9,1,0
4881,45,16,0,1
4882,45,11,0,1
4883,1,10,1,0
4884,35,14,0,1
4885,56,1,0,1
4886,35,17,1,0
4887,18,2,0,1
4888,56,0,1,0
4889,18,4,0,1
4890,25,1,1,0
4891,35,17,0,1
4892,25,12,0,1
4893,25,17,0,1
4894,35,7,0,1
4895,25,3,1,0
4896,35,6,0,1
4897,35,16,0,1
4898,25,1,0,1
4899,25,12,0,1
4900,25,20,0,1
4901,25,7,0,1
4902,35,14,0,1
4903,35,12,0,1
4904,50,15,0,1
4905,45,1,1,0
4906,50,17,0,1
4907,50,7,1,0
4908,35,15,0,1
4909,35,12,1,0
4910,18,12,0,1
4911,25,0,1,0
4912,50,20,1,0
4913,25,1,1,0
4914,25,1,1,0
4915,25,12,0,1
4916,18,20,0,1
4917,45,0,0,1
4918,18,12,1,0
4919,18,0,0,1
4920,35,1,0,1
4921,25,15,1,0
4922,18,17,0,1
4923,45,18,0,1
4924,35,0,1,0
4925,35,6,1,0
4926,1,10,0,1
4927,45,0,0,1
4928,25,3,1,0
4929,45,1,0,1
4930,50,17,0,1
4931,50,17,0,1
4932,25,7,0,1
4933,25,15,0,1
4934,25,0,1,0
4935,35,17,0,1
4936,18,4,1,0
4937,35,0,0,1
4938,18,4,1,0
4939,25,7,0,1
4940,50,11,1,0
4941,56,20,0,1
4942,45,12,0,1
4943,50,0,1,0
4944,50,17,0,1
4945,50,0,0,1
4946,35,1,1,0
4947,35,17,0,1
4948,45,2,0,1
4949,18,4,0,1
4950,25,16,0,1
4951,35,17,1,0
4952,25,14,1,0
4953,35,12,0,1
4954,45,0,0,1
4955,56,13,0,1
4956,35,15,0,1
4957,25,2,0,1
4958,18,7,0,1
4959,25,17,0,1
4960,56,1,0,1
4961,25,7,0,1
4962,25,6,0,1
4963,45,17,0,1
4964,35,0,0,1
4965,1,10,0,1
4966,50,14,0,1
4967,18,4,0,1
4968,50,20,1,0
4969,18,19,0,1
4970,25,12,1,0
4971,35,7,0,1
4972,35,0,0,1
4973,56,2,1,0
4974,35,20,0,1
4975,35,0,0,1
4976,25,11,0,1
4977,25,4,0,1
4978,35,14,0,1
4979,35,2,0,1
4980,25,1,0,1
4981,50,1,0,1
4982,25,12,0,1
4983,45,16,1,0
4984,35,0,0,1
4985,35,0,0,1
4986,18,12,0,1
4987,56,8,1,0
4988,25,17,0,1
4989,25,0,0,1
4990,25,4,1,0
4991,56,14,1,0
4992,25,2,1,0
4993,45,17,0,1
4994,45,17,0,1
4995,50,20,0,1
4996,35,7,0,1
4997,1,10,0,1
4998,18,4,1,0
4999,56,13,1,0
5000,25,4,0,1
5001,25,2,1,0
5002,25,17,0,1
5003,35,12,0,1
5004,56,1,1,0
5005,45,16,0,1
5006,35,3,0,1
5007,18,4,1,0
5008,25,20,0,1
5009,45,16,1,0
5010,45,15,0,1
5011,18,4,0,1
5012,50,15,0,1
5013,18,4,0,1
5014,45,0,0,1
5015,35,6,0,1
5016,35,1,1,0
5017,35,12,0,1
5018,56,12,1,0
5019,25,7,0,1
5020,56,13,1,0
5021,50,6,0,1
5022,35,7,0,1
5023,35,20,0,1
5024,45,1,1,0
5025,25,20,0,1
5026,25,17,0,1
5027,25,14,1,0
5028,25,12,0,1
5029,25,4,0,1
5030,18,1,0,1
5031,25,4,1,0
5032,18,17,0,1
5033,56,13,1,0
5034,25,15,1,0
5035,25,17,1,0
5036,35,7,0,1
5037,35,12,0,1
5038,25,20,0,1
5039,35,4,1,0
5040,45,12,0,1
5041,45,6,1,0
5042,18,2,1,0
5043,18,6,1,0
5044,35,6,1,0
5045,35,0,0,1
5046,25,16,0,1
5047,45,6,0,1
5048,35,7,1,0
5049,25,12,0,1
5050,18,4,1,0
5051,50,7,1,0
5052,35,16,0,1
5053,25,4,0,1
5054,35,2,0,1
5055,35,16,1,0
5056,45,1,0,1
5057,50,7,0,1
5058,56,17,0,1
5059,45,16,0,1
5060,45,17,0,1
5061,18,19,1,0
5062,50,16,0,1
5063,1,10,1,0
5064,18,4,0,1
5065,25,14,0,1
5066,25,1,1,0
5067,56,13,0,1
5068,35,7,0,1
5069,56,0,1,0
5070,25,2,0,1
5071,25,7,1,0
5072,45,17,0,1
5073,56,2,0,1
5074,1,0,0,1
5075,50,6,0,1
5076,25,3,0,1
5077,25,2,0,1
5078,45,7,0,1
5079,25,4,0,1
5080,50,12,1,0
5081,18,4,1,0
5082,35,1,0,1
5083,25,4,0,1
5084,18,4,0,1
5085,56,17,0,1
5086,25,1,0,1
5087,25,6,1,0
5088,25,17,0,1
5089,35,16,1,0
5090,35,19,1,0
5091,25,17,0,1
5092,56,14,0,1
5093,50,7,0,1
5094,18,10,0,1
5095,35,1,1,0
5096,25,11,0,1
5097,56,16,0,1
5098,50,7,0,1
5099,18,0,0,1
5100,50,6,0,1
5101,25,0,0,1
5102,25,12,0,1
5103,35,16,1,0
5104,35,20,0,1
5105,50,7,0,1
5106,35,1,1,0
5107,45,0,1,0
5108,25,9,1,0
5109,45,6,1,0
5110,35,15,0,1
5111,35,2,0,1
5112,35,13,0,1
5113,25,0,0,1
5114,1,10,1,0
5115,56,12,0,1
5116,35,6,0,1
5117,25,0,1,0
5118,1,10,0,1
5119,25,0,1,0
5120,50,7,0,1
5121,25,7,0,1
5122,25,0,0,1
5123,50,12,0,1
5124,35,2,0,1
5125,45,0,0,1
5126,25,11,0,1
5127,45,5,0,1
5128,50,7,0,1
5129,45,17,0,1
5130,50,1,1,0
5131,25,1,1,0
5132,35,7,0,1
5133,18,11,0,1
5134,25,17,0,1
5135,35,7,0,1
5136,25,12,0,1
5137,18,18,0,1
5138,25,17,0,1
5139,50,16,0,1
5140,25,6,0,1
5141,18,17,0,1
5142,25,1,0,1
5143,18,4,0,1
5144,50,0,1,0
5145,35,7,0,1
5146,56,1,0,1
5147,18,0,0,1
5148,25,20,0,1
5149,35,1,0,1
5150,25,3,0,1
5151,18,19,0,1
5152,25,4,1,0
5153,25,7,0,1
5154,25,16,0,1
5155,25,16,0,1
5156,18,14,0,1
5157,35,1,0,1
5158,18,4,1,0
5159,35,7,0,1
5160,18,4,1,0
5161,25,4,0,1
5162,25,17,0,1
5163,45,6,0,1
5164,35,17,1,0
5165,35,6,0,1
5166,50,6,0,1
5167,18,15,0,1
5168,35,7,0,1
5169,50,4,1,0
5170,18,4,0,1
5171,56,17,0,1
5172,35,11,1,0
5173,1,10,0,1
5174,45,1,0,1
5175,35,9,1,0
5176,1,10,0,1
5177,45,14,0,1
5178,50,0,0,1
5179,25,12,0,1
5180,35,11,0,1
5181,25,7,0,1
5182,35,7,1,0
5183,18,20,1,0
5184,18,20,0,1
5185,35,4,1,0
5186,35,12,0,1
5187,18,16,0,1
5188,35,9,1,0
5189,45,7,1,0
5190,35,0,1,0
5191,25,4,1,0
5192,25,7,0,1
5193,35,12,0,1
5194,25,7,0,1
5195,35,7,0,1
5196,56,7,0,1
5197,56,3,1,0
5198,18,4,1,0
5199,25,1,1,0
5200,35,15,1,0
5201,50,7,0,1
5202,18,4,0,1
5203,45,6,1,0
5204,50,13,0,1
5205,25,1,0,1
5206,35,7,0,1
5207,25,0,0,1
5208,25,4,0,1
5209,50,1,0,1
5210,35,17,1,0
5211,25,1,0,1
5212,18,2,0,1
5213,18,0,0,1
5214,35,9,1,0
5215,56,6,1,0
5216,18,2,0,1
5217,25,17,0,1
5218,18,0,0,1
5219,18,4,0,1
5220,25,7,0,1
5221,56,1,1,0
5222,25,12,0,1
5223,56,10,0,1
5224,35,1,0,1
5225,18,4,0,1
5226,35,0,0,1
5227,18,10,0,1
5228,1,0,0,1
5229,25,0,0,1
5230,25,12,0,1
5231,35,7,0,1
5232,25,4,0,1
5233,25,5,0,1
5234,25,0,1,0
5235,25,4,0,1
5236,25,14,0,1
5237,25,7,0,1
5238,50,16,1,0
5239,35,7,0,1
5240,25,0,1,0
5241,25,4,1,0
5242,25,1,0,1
5243,1,10,0,1
5244,18,4,0,1
5245,45,1,1,0
5246,18,0,1,0
5247,1,10,1,0
5248,45,14,1,0
5249,45,14,1,0
5250,50,6,0,1
5251,25,17,1,0
5252,25,20,0,1
5253,56,13,1,0
5254,18,4,0,1
5255,1,10,0,1
5256,25,16,0,1
5257,25,2,1,0
5258,35,4,0,1
5259,25,6,0,1
5260,35,7,0,1
5261,35,12,0,1
5262,25,14,1,0
5263,35,7,0,1
5264,18,4,0,1
5265,45,1,0,1
5266,35,1,0,1
5267,35,7,0,1
5268,25,2,1,0
5269,18,0,0,1
5270,25,12,0,1
5271,25,0,1,0
5272,25,7,0,1
5273,56,20,0,1
5274,25,0,0,1
5275,25,17,0,1
5276,25,4,1,0
5277,25,20,0,1
5278,25,7,1,0
5279,25,14,1,0
5280,18,4,0,1
5281,25,2,0,1
5282,18,4,1,0
5283,18,2,0,1
5284,25,16,0,1
5285,18,4,0,1
5286,45,16,0,1
5287,25,8,0,1
5288,56,13,0,1
5289,45,2,0,1
5290,18,4,1,0
5291,45,1,0,1
5292,25,0,0,1
5293,25,12,0,1
5294,25,2,0,1
5295,35,7,0,1
5296,1,0,1,0
5297,25,12,0,1
5298,35,17,0,1
5299,25,2,0,1
5300,25,20,0,1
5301,25,17,0,1
5302,1,10,1,0
5303,56,6,1,0
5304,35,9,1,0
5305,18,4,1,0
5306,25,17,1,0
5307,25,5,0,1
5308,56,7,0,1
5309,25,0,0,1
5310,56,1,1,0
5311,50,0,0,1
5312,25,1,0,1
5313,56,0,0,1
5314,25,0,1,0
5315,25,12,0,1
5316,18,4,0,1
5317,25,0,1,0
5318,18,17,0,1
5319,18,17,0,1
5320,18,5,1,0
5321,25,4,0,1
5322,35,17,0,1
5323,25,20,0,1
5324,25,7,0,1
5325,50,7,1,0
5326,25,2,0,1
5327,25,7,0,1
5328,25,4,1,0
5329,25,5,1,0
5330,25,0,1,0
5331,35,14,0,1
5332,18,4,0,1
5333,25,7,1,0
5334,56,13,1,0
5335,25,14,0,1
5336,56,7,0,1
5337,35,3,1,0
5338,25,17,0,1
5339,18,17,0,1
5340,50,3,1,0
5341,25,3,1,0
5342,35,7,1,0
5343,25,9,1,0
5344,50,1,1,0
5345,25,17,1,0
5346,25,3,1,0
5347,25,6,0,1
5348,18,5,0,1
5349,50,2,1,0
5350,18,5,0,1
5351,45,1,1,0
5352,35,5,1,0
5353,25,6,0,1
5354,45,3,1,0
5355,56,0,0,1
5356,45,0,0,1
5357,18,20,1,0
5358,35,7,0,1
5359,18,16,0,1
5360,18,12,0,1
5361,50,16,1,0
5362,35,13,0,1
5363,56,13,0,1
5364,25,3,1,0
5365,18,12,0,1
5366,18,12,0,1
5367,18,4,0,1
5368,25,17,1,0
5369,25,15,0,1
5370,25,12,0,1
5371,25,11,0,1
5372,25,4,0,1
5373,18,12,0,1
5374,35,7,0,1
5375,25,0,0,1
5376,25,17,0,1
5377,18,3,1,0
5378,35,18,0,1
5379,25,7,0,1
5380,18,4,0,1
5381,25,14,0,1
5382,18,4,0,1
5383,35,1,0,1
5384,25,3,1,0
5385,25,12,0,1
5386,25,14,0,1
5387,25,1,1,0
5388,18,4,1,0
5389,45,7,0,1
5390,1,0,0,1
5391,25,7,0,1
5392,50,1,0,1
5393,35,7,0,1
5394,18,0,0,1
5395,50,1,0,1
5396,25,6,0,1
5397,18,0,0,1
5398,56,17,0,1
5399,25,1,0,1
5400,18,4,1,0
5401,18,1,1,0
5402,25,0,1,0
5403,1,10,0,1
5404,25,0,0,1
5405,50,7,1,0
5406,35,0,1,0
5407,35,17,1,0
5408,25,20,0,1
5409,45,1,0,1
5410,45,2,1,0
5411,1,19,1,0
5412,25,12,0,1
5413,35,1,0,1
5414,1,10,0,1
5415,25,7,1,0
5416,25,5,1,0
5417,18,17,0,1
5418,25,0,1,0
5419,18,12,1,0
5420,1,19,1,0
5421,35,17,0,1
5422,50,7,0,1
5423,50,5,1,0
5424,35,2,1,0
5425,18,4,0,1
5426,25,14,0,1
5427,35,19,0,1
5428,25,6,1,0
5429,25,1,1,0
5430,45,1,1,0
5431,56,1,0,1
5432,56,13,0,1
5433,35,17,1,0
5434,25,7,1,0
5435,45,18,0,1
5436,18,4,0,1
5437,25,11,0,1
5438,25,14,0,1
5439,56,13,0,1
5440,45,2,1,0
5441,50,7,0,1
5442,25,7,0,1
5443,25,12,0,1
5444,18,4,1,0
5445,25,0,0,1
5446,50,1,1,0
5447,45,2,0,1
5448,45,19,0,1
5449,18,12,0,1
5450,18,12,0,1
5451,25,1,1,0
5452,35,6,0,1
5453,18,4,0,1
5454,35,7,0,1
5455,18,17,1,0
5456,35,1,0,1
5457,18,12,0,1
5458,18,2,1,0
5459,1,10,1,0
5460,18,4,0,1
5461,50,0,0,1
5462,25,17,0,1
5463,35,0,0,1
5464,35,7,0,1
5465,25,0,1,0
5466,25,12,0,1
5467,35,0,0,1
5468,25,12,0,1
5469,35,12,0,1
5470,56,7,0,1
5471,18,7,0,1
5472,35,1,0,1
5473,25,1,0,1
5474,25,12,0,1
5475,25,4,0,1
5476,35,0,1,0
5477,35,1,0,1
5478,35,7,0,1
5479,35,1,0,1
5480,25,14,1,0
5481,45,12,0,1
5482,18,7,0,1
5483,25,6,1,0
5484,45,17,0,1
5485,25,4,0,1
5486,25,0,0,1
5487,25,17,0,1
5488,25,15,0,1
5489,18,7,0,1
5490,45,17,0,1
5491,18,7,0,1
5492,18,4,0,1
5493,35,12,0,1
5494,35,17,1,0
5495,18,4,1,0
5496,25,7,0,1
5497,25,4,0,1
5498,50,1,1,0
5499,25,19,1,0
5500,35,20,1,0
5501,25,2,0,1
5502,25,2,0,1
5503,25,9,1,0
5504,45,7,0,1
5505,25,4,1,0
5506,18,14,1,0
5507,45,7,0,1
5508,25,20,0,1
5509,25,0,0,1
5510,18,4,0,1
5511,45,1,0,1
5512,25,17,1,0
5513,35,1,0,1
5514,1,10,1,0
5515,18,4,0,1
5516,50,16,1,0
5517,56,0,0,1
5518,50,17,0,1
5519,35,15,0,1
5520,45,1,0,1
5521,25,6,1,0
5522,25,14,0,1
5523,35,0,0,1
5524,1,10,1,0
5525,1,10,1,0
5526,35,2,1,0
5527,25,1,0,1
5528,50,1,0,1
5529,18,6,0,1
5530,18,4,1,0
5531,50,17,0,1
5532,25,17,0,1
5533,50,2,1,0
5534,45,16,0,1
5535,25,15,0,1
5536,25,16,0,1
5537,56,1,1,0
5538,45,12,0,1
5539,25,20,1,0
5540,35,1,0,1
5541,56,7,0,1
5542,45,7,0,1
5543,25,17,0,1
5544,25,15,0,1
5545,35,16,1,0
5546,18,14,0,1
5547,18,4,1,0
5548,18,4,1,0
5549,50,9,1,0
5550,35,15,0,1
5551,35,20,1,0
5552,50,7,0,1
5553,35,3,0,1
5554,25,1,0,1
5555,1,10,0,1
5556,45,6,0,1
5557,35,14,0,1
5558,1,10,0,1
5559,50,1,0,1
5560,35,17,1,0
5561,25,3,1,0
5562,35,1,1,0
5563,25,7,1,0
5564,45,20,0,1
5565,18,17,0,1
5566,35,7,0,1
5567,50,3,0,1
5568,18,4,0,1
5569,18,1,1,0
5570,25,1,0,1
5571,25,9,1,0
5572,25,4,1,0
5573,35,1,1,0
5574,25,0,0,1
5575,35,7,0,1
5576,25,4,0,1
5577,50,1,0,1
5578,18,1,1,0
5579,35,7,1,0
5580,45,7,0,1
5581,25,0,0,1
5582,45,1,0,1
5583,56,15,0,1
5584,50,0,1,0
5585,25,4,0,1
5586,35,20,0,1
5587,25,17,0,1
5588,25,20,1,0
5589,25,0,1,0
5590,45,12,1,0
5591,18,0,0,1
5592,25,1,0,1
5593,50,16,0,1
5594,45,0,1,0
5595,25,20,0,1
5596,35,12,0,1
5597,18,4,1,0
5598,18,4,0,1
5599,35,7,0,1
5600,45,0,1,0
5601,35,1,0,1
5602,35,0,0,1
5603,50,7,0,1
5604,35,15,0,1
5605,18,2,1,0
5606,25,14,1,0
5607,18,4,0,1
5608,18,3,0,1
5609,50,1,1,0
5610,25,1,1,0
5611,35,7,1,0
5612,25,1,1,0
5613,35,0,1,0
5614,25,0,0,1
5615,35,7,0,1
5616,45,1,0,1
5617,25,14,0,1
5618,18,4,1,0
5619,18,4,1,0
5620,35,14,0,1
5621,25,7,0,1
5622,35,15,0,1
5623,25,11,0,1
5624,25,7,0,1
5625,25,1,0,1
5626,56,16,0,1
5627,25,0,0,1
5628,18,4,0,1
5629,25,14,0,1
5630,35,17,0,1
5631,35,12,0,1
5632,18,4,1,0
5633,50,1,0,1
5634,25,14,0,1
5635,35,9,1,0
5636,25,7,0,1
5637,1,10,0,1
5638,18,1,0,1
5639,18,4,1,0
5640,35,17,0,1
5641,25,17,1,0
5642,1,10,0,1
5643,35,1,1,0
5644,18,4,1,0
5645,25,2,0,1
5646,18,4,0,1
5647,18,1,0,1
5648,25,17,0,1
5649,18,4,1,0
5650,35,12,1,0
5651,25,6,1,0
5652,18,0,0,1
5653,50,1,0,1
5654,25,4,0,1
5655,25,6,1,0
5656,25,15,0,1
5657,50,14,0,1
5658,56,0,0,1
5659,25,0,0,1
5660,25,2,0,1
5661,25,15,1,0
5662,1,10,0,1
5663,35,20,1,0
5664,18,4,0,1
5665,18,4,0,1
5666,18,16,0,1
5667,35,7,0,1
5668,25,3,1,0
5669,56,1,0,1
5670,18,4,0,1
5671,25,1,0,1
5672,25,4,1,0
5673,35,1,1,0
5674,35,7,0,1
5675,35,14,0,1
5676,25,20,0,1
5677,25,1,0,1
5678,35,17,0,1
5679,35,2,0,1
5680,50,20,0,1
5681,25,7,1,0
5682,18,0,0,1
5683,18,9,1,0
5684,18,16,0,1
5685,25,17,0,1
5686,56,16,0,1
5687,1,0,1,0
5688,18,4,1,0
5689,25,0,0,1
5690,18,4,0,1
5691,35,14,0,1
5692,25,7,1,0
5693,25,4,1,0
5694,25,12,1,0
5695,35,3,1,0
5696,25,14,1,0
5697,25,0,0,1
5698,35,14,0,1
5699,35,15,0,1
5700,18,14,1,0
5701,25,7,0,1
5702,18,0,0,1
5703,56,1,0,1
5704,18,4,1,0
5705,18,4,1,0
5706,18,17,0,1
5707,25,12,0,1
5708,35,1,0,1
5709,18,4,0,1
5710,25,15,0,1
5711,25,7,0,1
5712,35,1,0,1
5713,50,7,1,0
5714,35,2,0,1
5715,18,4,0,1
5716,1,10,0,1
5717,25,0,0,1
5718,35,14,1,0
5719,56,7,0,1
5720,25,0,0,1
5721,45,11,0,1
5722,25,20,0,1
5723,18,12,0,1
5724,25,15,0,1
5725,18,2,0,1
5726,25,1,0,1
5727,25,4,0,1
5728,35,20,1,0
5729,18,10,0,1
5730,18,0,0,1
5731,25,11,1,0
5732,25,11,1,0
5733,25,4,0,1
5734,25,14,1,0
5735,25,6,0,1
5736,25,1,0,1
5737,45,15,0,1
5738,25,12,0,1
5739,25,7,0,1
5740,25,1,0,1
5741,50,13,0,1
5742,25,12,1,0
5743,35,0,1,0
5744,25,4,1,0
5745,18,4,1,0
5746,18,15,0,1
5747,25,0,0,1
5748,25,0,0,1
5749,25,2,0,1
5750,18,1,0,1
5751,1,0,1,0
5752,56,0,1,0
5753,18,17,0,1
5754,18,1,1,0
5755,35,2,1,0
5756,1,10,1,0
5757,1,10,0,1
5758,50,1,1,0
5759,25,1,1,0
5760,18,12,0,1
5761,25,20,0,1
5762,35,6,1,0
5763,25,1,1,0
5764,50,12,1,0
5765,25,11,0,1
5766,56,14,0,1
5767,25,2,0,1
5768,1,7,1,0
5769,45,14,0,1
5770,25,0,0,1
5771,25,7,0,1
5772,35,7,0,1
5773,25,6,0,1
5774,18,4,0,1
5775,25,11,0,1
5776,18,12,0,1
5777,1,0,0,1
5778,35,12,0,1
5779,25,5,0,1
5780,18,17,0,1
5781,25,2,0,1
5782,35,0,1,0
5783,45,1,1,0
5784,18,10,0,1
5785,25,7,1,0
5786,25,6,0,1
5787,25,20,0,1
5788,25,0,0,1
5789,25,17,0,1
5790,35,0,1,0
5791,18,4,0,1
5792,25,17,0,1
5793,25,2,0,1
5794,35,17,0,1
5795,25,1,0,1
5796,25,7,1,0
5797,25,7,0,1
5798,35,0,0,1
5799,25,5,0,1
5800,35,18,0,1
5801,25,16,0,1
5802,25,0,1,0
5803,1,10,0,1
5804,35,7,1,0
5805,25,0,1,0
5806,50,1,1,0
5807,35,7,0,1
5808,25,7,1,0
5809,25,7,0,1
5810,50,16,0,1
5811,18,4,0,1
5812,25,7,1,0
5813,25,7,0,1
5814,25,0,0,1
5815,25,20,0,1
5816,25,0,0,1
5817,25,17,0,1
5818,25,4,0,1
5819,50,6,0,1
5820,45,0,0,1
5821,25,15,0,1
5822,35,4,1,0
5823,25,12,0,1
5824,18,12,0,1
5825,25,4,1,0
5826,18,4,0,1
5827,25,2,0,1
5828,25,17,0,1
5829,25,4,1,0
5830,18,4,1,0
5831,25,1,0,1
5832,25,0,1,0
5833,35,0,1,0
5834,56,16,0,1
5835,35,0,1,0
5836,25,0,0,1
5837,25,7,0,1
5838,45,7,1,0
5839,25,1,0,1
5840,1,0,1,0
5841,35,7,1,0
5842,25,4,0,1
5843,35,1,0,1
5844,1,10,1,0
5845,25,3,1,0
5846,45,16,0,1
5847,18,4,1,0
5848,50,20,0,1
5849,35,17,0,1
5850,25,7,1,0
5851,18,20,1,0
5852,25,1,1,0
5853,50,19,0,1
5854,45,7,0,1
5855,50,7,0,1
5856,25,7,1,0
5857,45,2,1,0
5858,25,4,0,1
5859,25,7,0,1
5860,25,4,1,0
5861,50,1,1,0
5862,25,9,1,0
5863,25,14,1,0
5864,50,1,1,0
5865,25,17,0,1
5866,25,6,1,0
5867,45,3,1,0
5868,35,14,0,1
5869,25,7,1,0
5870,25,14,0,1
5871,25,4,1,0
5872,25,17,0,1
5873,18,12,0,1
5874,25,4,0,1
5875,25,4,0,1
5876,50,7,0,1
5877,18,12,0,1
5878,25,0,1,0
5879,35,7,0,1
5880,25,1,0,1
5881,35,17,0,1
5882,35,7,0,1
5883,18,0,1,0
5884,18,4,0,1
5885,25,1,0,1
5886,25,20,0,1
5887,35,20,1,0
5888,25,20,0,1
5889,50,20,0,1
5890,35,20,0,1
5891,18,4,0,1
5892,45,2,0,1
5893,25,7,0,1
5894,35,0,0,1
5895,25,1,0,1
5896,25,0,0,1
5897,25,20,0,1
5898,18,0,1,0
5899,35,17,0,1
5900,25,7,0,1
5901,35,7,1,0
5902,50,16,0,1
5903,25,11,0,1
5904,45,12,1,0
5905,35,20,1,0
5906,18,4,1,0
5907,25,2,0,1
5908,25,4,0,1
5909,18,20,0,1
5910,45,20,1,0
5911,25,17,1,0
5912,25,1,0,1
5913,18,0,1,0
5914,35,2,0,1
5915,18,4,0,1
5916,50,20,0,1
5917,50,1,1,0
5918,25,12,0,1
5919,18,0,0,1
5920,25,1,1,0
5921,25,6,0,1
5922,56,3,0,1
5923,25,7,0,1
5924,35,0,0,1
5925,25,0,1,0
5926,50,7,1,0
5927,35,14,0,1
5928,45,1,0,1
5929,35,0,1,0
5930,35,17,1,0
5931,18,7,1,0
5932,18,14,0,1
5933,25,2,0,1
5934,25,14,0,1
5935,18,0,0,1
5936,18,4,0,1
5937,25,12,0,1
5938,25,1,0,1
5939,45,15,1,0
5940,50,12,0,1
5941,25,0,1,0
5942,45,1,0,1
5943,45,1,1,0
5944,18,10,1,0
5945,35,2,1,0
5946,56,1,1,0
5947,45,16,1,0
5948,56,13,0,1
5949,18,17,0,1
5950,25,4,0,1
5951,18,4,0,1
5952,45,1,1,0
5953,1,10,0,1
5954,45,11,0,1
5955,25,7,1,0
5956,18,4,1,0
5957,18,20,0,1
5958,45,14,0,1
5959,18,4,1,0
5960,45,0,1,0
5961,45,0,1,0
5962,35,7,0,1
5963,25,15,0,1
5964,18,5,0,1
5965,25,17,0,1
5966,35,9,1,0
5967,50,16,0,1
5968,56,7,0,1
5969,45,13,0,1
5970,35,11,0,1
5971,35,7,0,1
5972,25,20,1,0
5973,1,10,0,1
5974,25,1,1,0
5975,25,14,0,1
5976,25,1,1,0
5977,35,1,0,1
5978,35,1,0,1
5979,25,1,0,1
5980,56,1,0,1
5981,35,7,0,1
5982,35,1,0,1
5983,25,3,0,1
5984,25,1,0,1
5985,18,4,1,0
5986,56,1,1,0
5987,25,16,0,1
5988,25,15,0,1
5989,1,10,1,0
5990,25,20,1,0
5991,35,20,1,0
5992,18,4,1,0
5993,50,20,1,0
5994,35,1,0,1
5995,35,1,1,0
5996,25,0,1,0
5997,25,7,1,0
5998,18,4,0,1
5999,25,1,1,0
6000,45,17,0,1
6001,25,7,1,0
6002,50,0,0,1
6003,45,17,1,0
6004,25,15,1,0
6005,25,5,1,0
6006,1,0,1,0
6007,35,17,0,1
6008,18,4,0,1
6009,25,12,1,0
6010,35,0,0,1
6011,35,15,0,1
6012,35,15,0,1
6013,25,20,1,0
6014,45,1,0,1
6015,25,9,1,0
6016,45,1,0,1
6017,35,7,1,0
6018,35,1,0,1
6019,25,0,0,1
6020,50,16,0,1
6021,25,12,0,1
6022,25,17,0,1
6023,25,0,0,1
6024,25,12,0,1
6025,25,1,1,0
6026,35,6,0,1
6027,18,4,0,1
6028,18,4,0,1
6029,25,1,1,0
6030,25,17,0,1
6031,18,0,1,0
6032,45,7,0,1
6033,50,13,0,1
6034,25,14,0,1
6035,25,1,1,0
6036,25,15,1,0
6037,45,1,1,0
6038,56,1,1,0
6039,45,0,1,0
6040,25,6,0,1
